sentence,emoji,text_clean
Iâ€™m praying for you. haha,ğŸ™,i m praying for you haha
Good vibes only..,ğŸ˜Š,good vibes only
This lecture is making me sleepy.,ğŸ˜´,this lecture is making me sleepy
Iâ€™m really angry right now. haha,ğŸ˜¡,i m really angry right now haha
That joke was hilarious! lol,ğŸ˜‚,that joke was hilarious lol
Blessings to you. haha,ğŸ™,blessings to you haha
Itâ€™s party time! omg,ğŸ¥³,it s party time omg
Thatâ€™s so hot right now.,ğŸ”¥,that s so hot right now
I canâ€™t believe this happened..,ğŸ˜¡,i can t believe this happened
Thatâ€™s so sweet of you. omg,ğŸ˜Š,that s so sweet of you omg
I feel blessed and happy..,ğŸ˜Š,i feel blessed and happy
I can't stop laughing at this! omg,ğŸ˜‚,i can t stop laughing at this omg
Iâ€™m laughing so hard right now. lol,ğŸ˜‚,i m laughing so hard right now lol
You have a lovely smile..,ğŸ˜Š,you have a lovely smile
Happy birthday to you!!,ğŸ‚,happy birthday to you
I truly adore this moment. lol,â¤ï¸,i truly adore this moment lol
Please donâ€™t leave me.!,ğŸ¥º,please don t leave me
This is terrifying.,ğŸ˜±,this is terrifying
I feel blessed and happy..,ğŸ˜Š,i feel blessed and happy
Iâ€™m really angry right now..,ğŸ˜¡,i m really angry right now
Letâ€™s celebrate your success! lol,ğŸ¥³,let s celebrate your success lol
Thatâ€™s an interesting idea. lol,ğŸ¤”,that s an interesting idea lol
Iâ€™m craving something sweet.!,ğŸ˜‹,i m craving something sweet
Letâ€™s celebrate your success! haha,ğŸ¥³,let s celebrate your success haha
Feeling drowsy at work. haha,ğŸ˜´,feeling drowsy at work haha
Itâ€™s my special day today..,ğŸ‚,it s my special day today
This food tastes amazing..,ğŸ˜‹,this food tastes amazing
Why would they do that?!,ğŸ¤”,why would they do that
We had so much fun at the celebration. lol,ğŸ¥³,we had so much fun at the celebration lol
Why would they do that?,ğŸ¤”,why would they do that
Letâ€™s celebrate your success! please,ğŸ¥³,let s celebrate your success please
Feeling down right now. lol,ğŸ˜¢,feeling down right now lol
This food tastes amazing.!,ğŸ˜‹,this food tastes amazing
This is terrifying. omg,ğŸ˜±,this is terrifying omg
Letâ€™s celebrate your success! omg,ğŸ¥³,let s celebrate your success omg
Why would they do that? haha,ğŸ¤”,why would they do that haha
I canâ€™t believe this happened. please,ğŸ˜¡,i can t believe this happened please
Iâ€™m laughing so hard right now..,ğŸ˜‚,i m laughing so hard right now
Cheers to the good times! haha,ğŸ¥³,cheers to the good times haha
That cake looks so good..,ğŸ˜‹,that cake looks so good
Well done! omg,ğŸ‘,well done omg
I stayed up too late yesterday. please,ğŸ˜´,i stayed up too late yesterday please
Well done!,ğŸ‘,well done
Itâ€™s party time! lol,ğŸ¥³,it s party time lol
Life feels heavy. please,ğŸ˜¢,life feels heavy please
We had so much fun at the celebration. please,ğŸ¥³,we had so much fun at the celebration please
Cheers to the good times!!,ğŸ¥³,cheers to the good times
I can't stop laughing at this! haha,ğŸ˜‚,i can t stop laughing at this haha
This is comedy gold!!,ğŸ˜‚,this is comedy gold
Wishing you the sweetest birthday. haha,ğŸ‚,wishing you the sweetest birthday haha
This is terrifying. please,ğŸ˜±,this is terrifying please
Grateful for everything. please,ğŸ™,grateful for everything please
Letâ€™s celebrate your success! please,ğŸ¥³,let s celebrate your success please
I truly adore this moment..,â¤ï¸,i truly adore this moment
Well done! haha,ğŸ‘,well done haha
Time to party all night!.,ğŸ¥³,time to party all night
This game is lit! haha,ğŸ”¥,this game is lit haha
Thank you so much. haha,ğŸ™,thank you so much haha
This game is lit!!,ğŸ”¥,this game is lit
We had so much fun at the celebration.!,ğŸ¥³,we had so much fun at the celebration
Letâ€™s cut the cake! please,ğŸ‚,let s cut the cake please
I stayed up too late yesterday. haha,ğŸ˜´,i stayed up too late yesterday haha
I truly adore this moment..,â¤ï¸,i truly adore this moment
I need to go to bed early tonight.,ğŸ˜´,i need to go to bed early tonight
I truly adore this moment. lol,â¤ï¸,i truly adore this moment lol
Absolute fire content! haha,ğŸ”¥,absolute fire content haha
That joke was hilarious! omg,ğŸ˜‚,that joke was hilarious omg
I canâ€™t believe this happened..,ğŸ˜¡,i can t believe this happened
I miss you so much. please,ğŸ¥º,i miss you so much please
Thatâ€™s so touching. please,ğŸ¥º,that s so touching please
This is so frustrating.,ğŸ˜¡,this is so frustrating
I need to go to bed early tonight. omg,ğŸ˜´,i need to go to bed early tonight omg
Please help me with this. omg,ğŸ™,please help me with this omg
That joke was hilarious!.,ğŸ˜‚,that joke was hilarious
You made my day so funny!.,ğŸ˜‚,you made my day so funny
This is so frustrating. haha,ğŸ˜¡,this is so frustrating haha
I love programming so much.!,â¤ï¸,i love programming so much
I can't stop laughing at this!.,ğŸ˜‚,i can t stop laughing at this
Life feels heavy. lol,ğŸ˜¢,life feels heavy lol
Good vibes only. haha,ğŸ˜Š,good vibes only haha
Iâ€™m praying for you..,ğŸ™,i m praying for you
You mean the world to me..,â¤ï¸,you mean the world to me
Good vibes only. please,ğŸ˜Š,good vibes only please
Iâ€™m so sleepy after lunch. haha,ğŸ˜´,i m so sleepy after lunch haha
You broke my heart.,ğŸ¥º,you broke my heart
Absolute fire content!.,ğŸ”¥,absolute fire content
I totally agree with you.,ğŸ‘,i totally agree with you
You mean the world to me.!,â¤ï¸,you mean the world to me
That performance was fire! haha,ğŸ”¥,that performance was fire haha
I need to think about it. please,ğŸ¤”,i need to think about it please
I miss you so much.,ğŸ¥º,i miss you so much
That made me furious.,ğŸ˜¡,that made me furious
Itâ€™s my special day today..,ğŸ‚,it s my special day today
Letâ€™s celebrate your success! please,ğŸ¥³,let s celebrate your success please
This game is lit!,ğŸ”¥,this game is lit
Delicious meals make me happy..,ğŸ˜‹,delicious meals make me happy
I miss you so much. lol,ğŸ¥º,i miss you so much lol
This news breaks my heart.,ğŸ˜¢,this news breaks my heart
Letâ€™s cut the cake!.,ğŸ‚,let s cut the cake
I stayed up too late yesterday.!,ğŸ˜´,i stayed up too late yesterday
Iâ€™m wondering what to do. please,ğŸ¤”,i m wondering what to do please
Feeling drowsy at work.,ğŸ˜´,feeling drowsy at work
I canâ€™t believe my eyes. omg,ğŸ˜±,i can t believe my eyes omg
This lecture is making me sleepy. haha,ğŸ˜´,this lecture is making me sleepy haha
Iâ€™m feeling sad today. omg,ğŸ˜¢,i m feeling sad today omg
What a scary moment!.,ğŸ˜±,what a scary moment
Thatâ€™s a great idea! please,ğŸ‘,that s a great idea please
This news breaks my heart. haha,ğŸ˜¢,this news breaks my heart haha
Grateful for everything.,ğŸ™,grateful for everything
This news breaks my heart. haha,ğŸ˜¢,this news breaks my heart haha
We had so much fun at the celebration..,ğŸ¥³,we had so much fun at the celebration
This news breaks my heart.!,ğŸ˜¢,this news breaks my heart
This lecture is making me sleepy. lol,ğŸ˜´,this lecture is making me sleepy lol
Absolute fire content!.,ğŸ”¥,absolute fire content
Thatâ€™s an interesting idea. haha,ğŸ¤”,that s an interesting idea haha
Thatâ€™s so hot right now.!,ğŸ”¥,that s so hot right now
Letâ€™s cut the cake! omg,ğŸ‚,let s cut the cake omg
I stayed up too late yesterday. please,ğŸ˜´,i stayed up too late yesterday please
Thatâ€™s so shocking!.,ğŸ˜±,that s so shocking
Sending you lots of love. omg,â¤ï¸,sending you lots of love omg
You broke my heart..,ğŸ¥º,you broke my heart
I canâ€™t stop crying. lol,ğŸ˜¢,i can t stop crying lol
Absolute fire content!.,ğŸ”¥,absolute fire content
That works perfectly..,ğŸ‘,that works perfectly
That made me furious..,ğŸ˜¡,that made me furious
Iâ€™m praying for you. haha,ğŸ™,i m praying for you haha
Letâ€™s celebrate your success!!,ğŸ¥³,let s celebrate your success
This lecture is making me sleepy.,ğŸ˜´,this lecture is making me sleepy
Yummy! I love this dish.,ğŸ˜‹,yummy i love this dish
Thatâ€™s an interesting idea.,ğŸ¤”,that s an interesting idea
Letâ€™s cut the cake! omg,ğŸ‚,let s cut the cake omg
Thank you so much.!,ğŸ™,thank you so much
We celebrated with a big birthday cake..,ğŸ‚,we celebrated with a big birthday cake
You mean the world to me.!,â¤ï¸,you mean the world to me
Good job!!,ğŸ‘,good job
Iâ€™m lost in thought. please,ğŸ¤”,i m lost in thought please
Iâ€™m craving something sweet. please,ğŸ˜‹,i m craving something sweet please
Iâ€™m really angry right now. haha,ğŸ˜¡,i m really angry right now haha
This is so frustrating. please,ğŸ˜¡,this is so frustrating please
I canâ€™t stop crying. lol,ğŸ˜¢,i can t stop crying lol
Good job!.,ğŸ‘,good job
Iâ€™m lost in thought. omg,ğŸ¤”,i m lost in thought omg
Cheers to the good times!,ğŸ¥³,cheers to the good times
I need to think about it..,ğŸ¤”,i need to think about it
Thatâ€™s so shocking! lol,ğŸ˜±,that s so shocking lol
Iâ€™m feeling emotional right now. haha,ğŸ¥º,i m feeling emotional right now haha
Iâ€™m craving something sweet..,ğŸ˜‹,i m craving something sweet
Iâ€™m craving something sweet.!,ğŸ˜‹,i m craving something sweet
Iâ€™m lost in thought. please,ğŸ¤”,i m lost in thought please
Iâ€™m feeling emotional right now. haha,ğŸ¥º,i m feeling emotional right now haha
That works perfectly. omg,ğŸ‘,that works perfectly omg
Wishing you the sweetest birthday.,ğŸ‚,wishing you the sweetest birthday
This is terrifying. please,ğŸ˜±,this is terrifying please
Sending you lots of love..,â¤ï¸,sending you lots of love
I canâ€™t stop crying.,ğŸ˜¢,i can t stop crying
Iâ€™m upset with the situation.,ğŸ˜¡,i m upset with the situation
Time to party all night! please,ğŸ¥³,time to party all night please
Itâ€™s my special day today.,ğŸ‚,it s my special day today
Well done! lol,ğŸ‘,well done lol
Happy birthday to you!,ğŸ‚,happy birthday to you
Thatâ€™s a great idea! please,ğŸ‘,that s a great idea please
Life feels heavy. omg,ğŸ˜¢,life feels heavy omg
That performance was fire! haha,ğŸ”¥,that performance was fire haha
We celebrated with a big birthday cake. lol,ğŸ‚,we celebrated with a big birthday cake lol
We celebrated with a big birthday cake. please,ğŸ‚,we celebrated with a big birthday cake please
Good vibes only. haha,ğŸ˜Š,good vibes only haha
Iâ€™m so sleepy after lunch. lol,ğŸ˜´,i m so sleepy after lunch lol
Iâ€™m feeling sad today.!,ğŸ˜¢,i m feeling sad today
Thatâ€™s so sweet of you. omg,ğŸ˜Š,that s so sweet of you omg
Iâ€™m laughing so hard right now. omg,ğŸ˜‚,i m laughing so hard right now omg
This is terrifying. please,ğŸ˜±,this is terrifying please
I canâ€™t stop crying. haha,ğŸ˜¢,i can t stop crying haha
Happy birthday to you! omg,ğŸ‚,happy birthday to you omg
Wishing you the sweetest birthday.!,ğŸ‚,wishing you the sweetest birthday
I truly adore this moment.,â¤ï¸,i truly adore this moment
Iâ€™m wondering what to do.,ğŸ¤”,i m wondering what to do
Sending you lots of love. please,â¤ï¸,sending you lots of love please
Grateful for everything.,ğŸ™,grateful for everything
I stayed up too late yesterday.,ğŸ˜´,i stayed up too late yesterday
What a scary moment! lol,ğŸ˜±,what a scary moment lol
What a scary moment!.,ğŸ˜±,what a scary moment
Iâ€™m feeling happy today. lol,ğŸ˜Š,i m feeling happy today lol
I love programming so much.!,â¤ï¸,i love programming so much
Thatâ€™s so hot right now. please,ğŸ”¥,that s so hot right now please
Itâ€™s my special day today. please,ğŸ‚,it s my special day today please
Youâ€™re on fire today! omg,ğŸ”¥,you re on fire today omg
Iâ€™m feeling emotional right now..,ğŸ¥º,i m feeling emotional right now
Iâ€™m feeling happy today. haha,ğŸ˜Š,i m feeling happy today haha
Iâ€™m upset with the situation..,ğŸ˜¡,i m upset with the situation
I miss you so much.,ğŸ¥º,i miss you so much
You have a lovely smile. please,ğŸ˜Š,you have a lovely smile please
Yummy! I love this dish. haha,ğŸ˜‹,yummy i love this dish haha
You made my day so funny! please,ğŸ˜‚,you made my day so funny please
I feel blessed and happy. please,ğŸ˜Š,i feel blessed and happy please
This is so frustrating. please,ğŸ˜¡,this is so frustrating please
You mean the world to me. lol,â¤ï¸,you mean the world to me lol
I can't stop laughing at this! please,ğŸ˜‚,i can t stop laughing at this please
This news breaks my heart. lol,ğŸ˜¢,this news breaks my heart lol
Thatâ€™s so hot right now..,ğŸ”¥,that s so hot right now
Happy birthday to you!.,ğŸ‚,happy birthday to you
I feel blessed and happy..,ğŸ˜Š,i feel blessed and happy
This news breaks my heart.,ğŸ˜¢,this news breaks my heart
Yummy! I love this dish. omg,ğŸ˜‹,yummy i love this dish omg
Feeling down right now. please,ğŸ˜¢,feeling down right now please
Life feels heavy. omg,ğŸ˜¢,life feels heavy omg
I love programming so much. haha,â¤ï¸,i love programming so much haha
What a scary moment!!,ğŸ˜±,what a scary moment
Yummy! I love this dish. please,ğŸ˜‹,yummy i love this dish please
That cake looks so good. haha,ğŸ˜‹,that cake looks so good haha
Thatâ€™s a great idea!.,ğŸ‘,that s a great idea
Blessings to you. omg,ğŸ™,blessings to you omg
This is terrifying. please,ğŸ˜±,this is terrifying please
This is so frustrating.!,ğŸ˜¡,this is so frustrating
Life feels heavy.!,ğŸ˜¢,life feels heavy
This news breaks my heart. haha,ğŸ˜¢,this news breaks my heart haha
Happy birthday to you! please,ğŸ‚,happy birthday to you please
Why would they do that? haha,ğŸ¤”,why would they do that haha
We celebrated with a big birthday cake..,ğŸ‚,we celebrated with a big birthday cake
This food tastes amazing. haha,ğŸ˜‹,this food tastes amazing haha
You broke my heart.,ğŸ¥º,you broke my heart
Thank you so much..,ğŸ™,thank you so much
That performance was fire!,ğŸ”¥,that performance was fire
That performance was fire! please,ğŸ”¥,that performance was fire please
Absolute fire content!.,ğŸ”¥,absolute fire content
Wishing you the sweetest birthday. haha,ğŸ‚,wishing you the sweetest birthday haha
Thatâ€™s so touching..,ğŸ¥º,that s so touching
Iâ€™m in complete shock. haha,ğŸ˜±,i m in complete shock haha
This lecture is making me sleepy. haha,ğŸ˜´,this lecture is making me sleepy haha
You mean the world to me.!,â¤ï¸,you mean the world to me
I need to think about it.,ğŸ¤”,i need to think about it
Cheers to the good times!,ğŸ¥³,cheers to the good times
I stayed up too late yesterday. lol,ğŸ˜´,i stayed up too late yesterday lol
Absolute fire content!,ğŸ”¥,absolute fire content
This food tastes amazing. haha,ğŸ˜‹,this food tastes amazing haha
That performance was fire! haha,ğŸ”¥,that performance was fire haha
Letâ€™s celebrate your success! lol,ğŸ¥³,let s celebrate your success lol
You have a lovely smile. please,ğŸ˜Š,you have a lovely smile please
You broke my heart..,ğŸ¥º,you broke my heart
Thank you so much. omg,ğŸ™,thank you so much omg
You have a lovely smile.!,ğŸ˜Š,you have a lovely smile
Cheers to the good times! please,ğŸ¥³,cheers to the good times please
Iâ€™m upset with the situation..,ğŸ˜¡,i m upset with the situation
That joke was hilarious! lol,ğŸ˜‚,that joke was hilarious lol
Iâ€™m feeling happy today. omg,ğŸ˜Š,i m feeling happy today omg
I stayed up too late yesterday.,ğŸ˜´,i stayed up too late yesterday
Iâ€™m feeling emotional right now. haha,ğŸ¥º,i m feeling emotional right now haha
This food tastes amazing. lol,ğŸ˜‹,this food tastes amazing lol
Feeling down right now.,ğŸ˜¢,feeling down right now
You made my day so funny! please,ğŸ˜‚,you made my day so funny please
Feeling drowsy at work.,ğŸ˜´,feeling drowsy at work
Iâ€™m craving something sweet.,ğŸ˜‹,i m craving something sweet
Time to party all night! omg,ğŸ¥³,time to party all night omg
Time to party all night!!,ğŸ¥³,time to party all night
I stayed up too late yesterday. omg,ğŸ˜´,i stayed up too late yesterday omg
Life feels heavy. omg,ğŸ˜¢,life feels heavy omg
Thatâ€™s a great idea! please,ğŸ‘,that s a great idea please
You mean the world to me.,â¤ï¸,you mean the world to me
Iâ€™m feeling emotional right now. omg,ğŸ¥º,i m feeling emotional right now omg
Happy birthday to you! haha,ğŸ‚,happy birthday to you haha
Grateful for everything. please,ğŸ™,grateful for everything please
Iâ€™m feeling emotional right now. haha,ğŸ¥º,i m feeling emotional right now haha
We had so much fun at the celebration.!,ğŸ¥³,we had so much fun at the celebration
This game is lit!!,ğŸ”¥,this game is lit
Why would they do that? haha,ğŸ¤”,why would they do that haha
Iâ€™m craving something sweet. lol,ğŸ˜‹,i m craving something sweet lol
Thatâ€™s so shocking! lol,ğŸ˜±,that s so shocking lol
You broke my heart. please,ğŸ¥º,you broke my heart please
Iâ€™m wondering what to do..,ğŸ¤”,i m wondering what to do
I canâ€™t stop crying. lol,ğŸ˜¢,i can t stop crying lol
That made me furious. omg,ğŸ˜¡,that made me furious omg
I need to think about it. please,ğŸ¤”,i need to think about it please
Iâ€™m in complete shock. haha,ğŸ˜±,i m in complete shock haha
Why would they do that?,ğŸ¤”,why would they do that
You have a lovely smile.,ğŸ˜Š,you have a lovely smile
We celebrated with a big birthday cake. omg,ğŸ‚,we celebrated with a big birthday cake omg
You made my day so funny! lol,ğŸ˜‚,you made my day so funny lol
That joke was hilarious!,ğŸ˜‚,that joke was hilarious
Letâ€™s cut the cake! omg,ğŸ‚,let s cut the cake omg
This is so frustrating..,ğŸ˜¡,this is so frustrating
Feeling drowsy at work.,ğŸ˜´,feeling drowsy at work
I totally agree with you. omg,ğŸ‘,i totally agree with you omg
You have a lovely smile..,ğŸ˜Š,you have a lovely smile
I can't stop laughing at this! omg,ğŸ˜‚,i can t stop laughing at this omg
Good vibes only. omg,ğŸ˜Š,good vibes only omg
Iâ€™m lost in thought. lol,ğŸ¤”,i m lost in thought lol
Youâ€™re on fire today!!,ğŸ”¥,you re on fire today
Iâ€™m craving something sweet.!,ğŸ˜‹,i m craving something sweet
Good vibes only. omg,ğŸ˜Š,good vibes only omg
This is terrifying. haha,ğŸ˜±,this is terrifying haha
I totally agree with you. lol,ğŸ‘,i totally agree with you lol
Iâ€™m really angry right now. lol,ğŸ˜¡,i m really angry right now lol
Grateful for everything.,ğŸ™,grateful for everything
This is so frustrating. haha,ğŸ˜¡,this is so frustrating haha
Thank you so much. lol,ğŸ™,thank you so much lol
Iâ€™m so sleepy after lunch.,ğŸ˜´,i m so sleepy after lunch
Thatâ€™s so shocking! please,ğŸ˜±,that s so shocking please
Thatâ€™s so touching. omg,ğŸ¥º,that s so touching omg
Youâ€™re on fire today!.,ğŸ”¥,you re on fire today
I feel blessed and happy.!,ğŸ˜Š,i feel blessed and happy
Please help me with this..,ğŸ™,please help me with this
Thatâ€™s so sweet of you. omg,ğŸ˜Š,that s so sweet of you omg
Youâ€™re on fire today! please,ğŸ”¥,you re on fire today please
Love is in the air..,â¤ï¸,love is in the air
Iâ€™m praying for you. please,ğŸ™,i m praying for you please
Delicious meals make me happy. haha,ğŸ˜‹,delicious meals make me happy haha
I feel blessed and happy.!,ğŸ˜Š,i feel blessed and happy
This news breaks my heart. lol,ğŸ˜¢,this news breaks my heart lol
Iâ€™m laughing so hard right now.,ğŸ˜‚,i m laughing so hard right now
That joke was hilarious! lol,ğŸ˜‚,that joke was hilarious lol
Good vibes only..,ğŸ˜Š,good vibes only
Love is in the air. lol,â¤ï¸,love is in the air lol
Iâ€™m laughing so hard right now..,ğŸ˜‚,i m laughing so hard right now
Thatâ€™s so touching.!,ğŸ¥º,that s so touching
Blessings to you. omg,ğŸ™,blessings to you omg
Happy birthday to you! haha,ğŸ‚,happy birthday to you haha
That made me furious. omg,ğŸ˜¡,that made me furious omg
Iâ€™m in complete shock.!,ğŸ˜±,i m in complete shock
That works perfectly. omg,ğŸ‘,that works perfectly omg
This food tastes amazing. haha,ğŸ˜‹,this food tastes amazing haha
Thank you so much.!,ğŸ™,thank you so much
This is terrifying. haha,ğŸ˜±,this is terrifying haha
Thatâ€™s so hot right now. lol,ğŸ”¥,that s so hot right now lol
You broke my heart.,ğŸ¥º,you broke my heart
I need to think about it.!,ğŸ¤”,i need to think about it
That works perfectly. please,ğŸ‘,that works perfectly please
Thatâ€™s an interesting idea.,ğŸ¤”,that s an interesting idea
Thatâ€™s so shocking!!,ğŸ˜±,that s so shocking
Happy birthday to you!,ğŸ‚,happy birthday to you
Thatâ€™s so hot right now.!,ğŸ”¥,that s so hot right now
I truly adore this moment.!,â¤ï¸,i truly adore this moment
Iâ€™m upset with the situation. please,ğŸ˜¡,i m upset with the situation please
I can't stop laughing at this!,ğŸ˜‚,i can t stop laughing at this
This is comedy gold!.,ğŸ˜‚,this is comedy gold
We celebrated with a big birthday cake. omg,ğŸ‚,we celebrated with a big birthday cake omg
Thatâ€™s a great idea! lol,ğŸ‘,that s a great idea lol
I canâ€™t believe this happened. haha,ğŸ˜¡,i can t believe this happened haha
Thatâ€™s so shocking! lol,ğŸ˜±,that s so shocking lol
Love is in the air.,â¤ï¸,love is in the air
Good job! haha,ğŸ‘,good job haha
You made my day so funny!!,ğŸ˜‚,you made my day so funny
Blessings to you. please,ğŸ™,blessings to you please
Itâ€™s party time! lol,ğŸ¥³,it s party time lol
Thatâ€™s so sweet of you. omg,ğŸ˜Š,that s so sweet of you omg
I canâ€™t believe my eyes. haha,ğŸ˜±,i can t believe my eyes haha
I need to think about it.!,ğŸ¤”,i need to think about it
Iâ€™m upset with the situation. lol,ğŸ˜¡,i m upset with the situation lol
This is terrifying.!,ğŸ˜±,this is terrifying
I miss you so much. haha,ğŸ¥º,i miss you so much haha
Good job!!,ğŸ‘,good job
Itâ€™s party time!,ğŸ¥³,it s party time
Wishing you the sweetest birthday. haha,ğŸ‚,wishing you the sweetest birthday haha
We celebrated with a big birthday cake..,ğŸ‚,we celebrated with a big birthday cake
I can't stop laughing at this! haha,ğŸ˜‚,i can t stop laughing at this haha
Time to party all night!,ğŸ¥³,time to party all night
Thatâ€™s an interesting idea. lol,ğŸ¤”,that s an interesting idea lol
That joke was hilarious! haha,ğŸ˜‚,that joke was hilarious haha
Letâ€™s cut the cake! lol,ğŸ‚,let s cut the cake lol
Iâ€™m so sleepy after lunch. omg,ğŸ˜´,i m so sleepy after lunch omg
I canâ€™t believe my eyes. omg,ğŸ˜±,i can t believe my eyes omg
You made my day so funny!.,ğŸ˜‚,you made my day so funny
Please donâ€™t leave me. haha,ğŸ¥º,please don t leave me haha
Love is in the air. haha,â¤ï¸,love is in the air haha
I need to go to bed early tonight..,ğŸ˜´,i need to go to bed early tonight
Iâ€™m feeling sad today. haha,ğŸ˜¢,i m feeling sad today haha
Thatâ€™s a great idea!!,ğŸ‘,that s a great idea
Thatâ€™s a great idea! omg,ğŸ‘,that s a great idea omg
Iâ€™m laughing so hard right now. omg,ğŸ˜‚,i m laughing so hard right now omg
I canâ€™t stop crying.,ğŸ˜¢,i can t stop crying
Thatâ€™s so shocking!!,ğŸ˜±,that s so shocking
This food tastes amazing. lol,ğŸ˜‹,this food tastes amazing lol
Iâ€™m feeling emotional right now. omg,ğŸ¥º,i m feeling emotional right now omg
I totally agree with you. haha,ğŸ‘,i totally agree with you haha
Well done! omg,ğŸ‘,well done omg
Please donâ€™t leave me. haha,ğŸ¥º,please don t leave me haha
I need to think about it..,ğŸ¤”,i need to think about it
This is so frustrating.,ğŸ˜¡,this is so frustrating
That performance was fire!,ğŸ”¥,that performance was fire
Cheers to the good times! lol,ğŸ¥³,cheers to the good times lol
Iâ€™m feeling sad today.!,ğŸ˜¢,i m feeling sad today
Happy birthday to you!.,ğŸ‚,happy birthday to you
Good vibes only.,ğŸ˜Š,good vibes only
Grateful for everything.!,ğŸ™,grateful for everything
I miss you so much. haha,ğŸ¥º,i miss you so much haha
I feel blessed and happy. lol,ğŸ˜Š,i feel blessed and happy lol
Iâ€™m craving something sweet..,ğŸ˜‹,i m craving something sweet
Life feels heavy. omg,ğŸ˜¢,life feels heavy omg
You made my day so funny! please,ğŸ˜‚,you made my day so funny please
I canâ€™t believe my eyes.!,ğŸ˜±,i can t believe my eyes
I stayed up too late yesterday..,ğŸ˜´,i stayed up too late yesterday
I feel blessed and happy.,ğŸ˜Š,i feel blessed and happy
Why would they do that? lol,ğŸ¤”,why would they do that lol
Letâ€™s celebrate your success! omg,ğŸ¥³,let s celebrate your success omg
Iâ€™m feeling sad today.,ğŸ˜¢,i m feeling sad today
Happy birthday to you!,ğŸ‚,happy birthday to you
Iâ€™m really angry right now.!,ğŸ˜¡,i m really angry right now
I totally agree with you.!,ğŸ‘,i totally agree with you
We had so much fun at the celebration. lol,ğŸ¥³,we had so much fun at the celebration lol
Iâ€™m upset with the situation..,ğŸ˜¡,i m upset with the situation
Yummy! I love this dish. lol,ğŸ˜‹,yummy i love this dish lol
Please donâ€™t leave me. lol,ğŸ¥º,please don t leave me lol
This is so frustrating.!,ğŸ˜¡,this is so frustrating
Well done! lol,ğŸ‘,well done lol
Sending you lots of love. omg,â¤ï¸,sending you lots of love omg
Well done! please,ğŸ‘,well done please
Iâ€™m really angry right now..,ğŸ˜¡,i m really angry right now
I stayed up too late yesterday..,ğŸ˜´,i stayed up too late yesterday
Itâ€™s party time! lol,ğŸ¥³,it s party time lol
Love is in the air. omg,â¤ï¸,love is in the air omg
That cake looks so good. please,ğŸ˜‹,that cake looks so good please
Thatâ€™s an interesting idea. please,ğŸ¤”,that s an interesting idea please
Iâ€™m wondering what to do..,ğŸ¤”,i m wondering what to do
Thatâ€™s so touching. lol,ğŸ¥º,that s so touching lol
Delicious meals make me happy.,ğŸ˜‹,delicious meals make me happy
We celebrated with a big birthday cake. omg,ğŸ‚,we celebrated with a big birthday cake omg
Iâ€™m upset with the situation. lol,ğŸ˜¡,i m upset with the situation lol
That cake looks so good. omg,ğŸ˜‹,that cake looks so good omg
Time to party all night! lol,ğŸ¥³,time to party all night lol
This food tastes amazing. omg,ğŸ˜‹,this food tastes amazing omg
Please donâ€™t leave me. haha,ğŸ¥º,please don t leave me haha
That made me furious. haha,ğŸ˜¡,that made me furious haha
Love is in the air..,â¤ï¸,love is in the air
This lecture is making me sleepy.!,ğŸ˜´,this lecture is making me sleepy
Grateful for everything.,ğŸ™,grateful for everything
This food tastes amazing. omg,ğŸ˜‹,this food tastes amazing omg
Thatâ€™s an interesting idea. lol,ğŸ¤”,that s an interesting idea lol
This lecture is making me sleepy.!,ğŸ˜´,this lecture is making me sleepy
Iâ€™m in complete shock. omg,ğŸ˜±,i m in complete shock omg
Thatâ€™s so sweet of you. please,ğŸ˜Š,that s so sweet of you please
Iâ€™m in complete shock. haha,ğŸ˜±,i m in complete shock haha
You made my day so funny! haha,ğŸ˜‚,you made my day so funny haha
Thatâ€™s so touching.!,ğŸ¥º,that s so touching
Sending you lots of love. please,â¤ï¸,sending you lots of love please
Itâ€™s my special day today. omg,ğŸ‚,it s my special day today omg
Itâ€™s my special day today. haha,ğŸ‚,it s my special day today haha
I canâ€™t believe this happened. please,ğŸ˜¡,i can t believe this happened please
Letâ€™s celebrate your success! omg,ğŸ¥³,let s celebrate your success omg
Time to party all night! lol,ğŸ¥³,time to party all night lol
Itâ€™s my special day today. lol,ğŸ‚,it s my special day today lol
Life feels heavy.!,ğŸ˜¢,life feels heavy
I need to go to bed early tonight. omg,ğŸ˜´,i need to go to bed early tonight omg
This is so frustrating. lol,ğŸ˜¡,this is so frustrating lol
Youâ€™re on fire today!.,ğŸ”¥,you re on fire today
This news breaks my heart. please,ğŸ˜¢,this news breaks my heart please
Iâ€™m in complete shock..,ğŸ˜±,i m in complete shock
Iâ€™m feeling sad today. haha,ğŸ˜¢,i m feeling sad today haha
Iâ€™m wondering what to do. omg,ğŸ¤”,i m wondering what to do omg
Thatâ€™s so sweet of you. lol,ğŸ˜Š,that s so sweet of you lol
This is terrifying. lol,ğŸ˜±,this is terrifying lol
That cake looks so good.!,ğŸ˜‹,that cake looks so good
You made my day so funny! omg,ğŸ˜‚,you made my day so funny omg
What a scary moment! please,ğŸ˜±,what a scary moment please
Thatâ€™s so shocking!,ğŸ˜±,that s so shocking
Thatâ€™s an interesting idea. lol,ğŸ¤”,that s an interesting idea lol
Thatâ€™s a great idea! please,ğŸ‘,that s a great idea please
Thatâ€™s a great idea!.,ğŸ‘,that s a great idea
We celebrated with a big birthday cake.!,ğŸ‚,we celebrated with a big birthday cake
We celebrated with a big birthday cake..,ğŸ‚,we celebrated with a big birthday cake
Iâ€™m feeling sad today. lol,ğŸ˜¢,i m feeling sad today lol
Youâ€™re on fire today! please,ğŸ”¥,you re on fire today please
Wishing you the sweetest birthday. please,ğŸ‚,wishing you the sweetest birthday please
Iâ€™m feeling emotional right now. omg,ğŸ¥º,i m feeling emotional right now omg
I truly adore this moment. haha,â¤ï¸,i truly adore this moment haha
We had so much fun at the celebration.!,ğŸ¥³,we had so much fun at the celebration
I love programming so much. please,â¤ï¸,i love programming so much please
Good vibes only.!,ğŸ˜Š,good vibes only
I miss you so much.,ğŸ¥º,i miss you so much
Yummy! I love this dish. please,ğŸ˜‹,yummy i love this dish please
We celebrated with a big birthday cake.!,ğŸ‚,we celebrated with a big birthday cake
Thatâ€™s a great idea!,ğŸ‘,that s a great idea
That works perfectly. lol,ğŸ‘,that works perfectly lol
I canâ€™t believe my eyes. haha,ğŸ˜±,i can t believe my eyes haha
Feeling down right now. lol,ğŸ˜¢,feeling down right now lol
Grateful for everything.!,ğŸ™,grateful for everything
We celebrated with a big birthday cake. haha,ğŸ‚,we celebrated with a big birthday cake haha
Iâ€™m in complete shock..,ğŸ˜±,i m in complete shock
Why would they do that? lol,ğŸ¤”,why would they do that lol
I can't stop laughing at this!.,ğŸ˜‚,i can t stop laughing at this
I stayed up too late yesterday. lol,ğŸ˜´,i stayed up too late yesterday lol
Thatâ€™s so touching. omg,ğŸ¥º,that s so touching omg
You made my day so funny! omg,ğŸ˜‚,you made my day so funny omg
Thatâ€™s so sweet of you..,ğŸ˜Š,that s so sweet of you
Iâ€™m lost in thought. lol,ğŸ¤”,i m lost in thought lol
I canâ€™t believe this happened. lol,ğŸ˜¡,i can t believe this happened lol
I canâ€™t believe this happened. haha,ğŸ˜¡,i can t believe this happened haha
Wishing you the sweetest birthday. haha,ğŸ‚,wishing you the sweetest birthday haha
Love is in the air. lol,â¤ï¸,love is in the air lol
Iâ€™m wondering what to do. omg,ğŸ¤”,i m wondering what to do omg
Good vibes only. haha,ğŸ˜Š,good vibes only haha
Iâ€™m lost in thought. omg,ğŸ¤”,i m lost in thought omg
We had so much fun at the celebration. omg,ğŸ¥³,we had so much fun at the celebration omg
Thatâ€™s so sweet of you. please,ğŸ˜Š,that s so sweet of you please
Iâ€™m laughing so hard right now..,ğŸ˜‚,i m laughing so hard right now
This lecture is making me sleepy. lol,ğŸ˜´,this lecture is making me sleepy lol
Please donâ€™t leave me.,ğŸ¥º,please don t leave me
Feeling drowsy at work. omg,ğŸ˜´,feeling drowsy at work omg
I canâ€™t believe this happened. omg,ğŸ˜¡,i can t believe this happened omg
Grateful for everything.,ğŸ™,grateful for everything
I need to think about it. omg,ğŸ¤”,i need to think about it omg
Please help me with this..,ğŸ™,please help me with this
That works perfectly. lol,ğŸ‘,that works perfectly lol
Thatâ€™s so shocking!!,ğŸ˜±,that s so shocking
Iâ€™m upset with the situation. omg,ğŸ˜¡,i m upset with the situation omg
Please donâ€™t leave me. lol,ğŸ¥º,please don t leave me lol
Well done! haha,ğŸ‘,well done haha
That works perfectly..,ğŸ‘,that works perfectly
Itâ€™s party time!!,ğŸ¥³,it s party time
I love programming so much. omg,â¤ï¸,i love programming so much omg
I canâ€™t believe this happened.,ğŸ˜¡,i can t believe this happened
Iâ€™m wondering what to do..,ğŸ¤”,i m wondering what to do
That joke was hilarious!!,ğŸ˜‚,that joke was hilarious
We celebrated with a big birthday cake.!,ğŸ‚,we celebrated with a big birthday cake
Iâ€™m craving something sweet..,ğŸ˜‹,i m craving something sweet
I canâ€™t believe this happened..,ğŸ˜¡,i can t believe this happened
Blessings to you. haha,ğŸ™,blessings to you haha
That works perfectly. please,ğŸ‘,that works perfectly please
Thatâ€™s a great idea! haha,ğŸ‘,that s a great idea haha
Feeling drowsy at work. omg,ğŸ˜´,feeling drowsy at work omg
I miss you so much. omg,ğŸ¥º,i miss you so much omg
Iâ€™m lost in thought. omg,ğŸ¤”,i m lost in thought omg
I can't stop laughing at this!!,ğŸ˜‚,i can t stop laughing at this
Wishing you the sweetest birthday. omg,ğŸ‚,wishing you the sweetest birthday omg
Well done! lol,ğŸ‘,well done lol
You mean the world to me.,â¤ï¸,you mean the world to me
Sending you lots of love. omg,â¤ï¸,sending you lots of love omg
I stayed up too late yesterday. haha,ğŸ˜´,i stayed up too late yesterday haha
Well done! haha,ğŸ‘,well done haha
Cheers to the good times! please,ğŸ¥³,cheers to the good times please
Feeling drowsy at work. omg,ğŸ˜´,feeling drowsy at work omg
Thatâ€™s so sweet of you. omg,ğŸ˜Š,that s so sweet of you omg
Happy birthday to you!.,ğŸ‚,happy birthday to you
Please help me with this.,ğŸ™,please help me with this
This is comedy gold!.,ğŸ˜‚,this is comedy gold
This is so frustrating. lol,ğŸ˜¡,this is so frustrating lol
Iâ€™m feeling happy today. omg,ğŸ˜Š,i m feeling happy today omg
We had so much fun at the celebration. haha,ğŸ¥³,we had so much fun at the celebration haha
This game is lit! lol,ğŸ”¥,this game is lit lol
That made me furious.,ğŸ˜¡,that made me furious
Thank you so much..,ğŸ™,thank you so much
This lecture is making me sleepy. lol,ğŸ˜´,this lecture is making me sleepy lol
You broke my heart. haha,ğŸ¥º,you broke my heart haha
Good job! haha,ğŸ‘,good job haha
Thatâ€™s so touching..,ğŸ¥º,that s so touching
I love programming so much.!,â¤ï¸,i love programming so much
Grateful for everything..,ğŸ™,grateful for everything
I totally agree with you. haha,ğŸ‘,i totally agree with you haha
Why would they do that?.,ğŸ¤”,why would they do that
Thank you so much.,ğŸ™,thank you so much
That joke was hilarious! lol,ğŸ˜‚,that joke was hilarious lol
Iâ€™m wondering what to do..,ğŸ¤”,i m wondering what to do
Iâ€™m feeling happy today.!,ğŸ˜Š,i m feeling happy today
We had so much fun at the celebration.,ğŸ¥³,we had so much fun at the celebration
We had so much fun at the celebration. omg,ğŸ¥³,we had so much fun at the celebration omg
Yummy! I love this dish. haha,ğŸ˜‹,yummy i love this dish haha
You have a lovely smile..,ğŸ˜Š,you have a lovely smile
Letâ€™s cut the cake! lol,ğŸ‚,let s cut the cake lol
This news breaks my heart..,ğŸ˜¢,this news breaks my heart
Good vibes only..,ğŸ˜Š,good vibes only
Iâ€™m praying for you..,ğŸ™,i m praying for you
Life feels heavy.,ğŸ˜¢,life feels heavy
Please donâ€™t leave me. please,ğŸ¥º,please don t leave me please
Iâ€™m feeling happy today. haha,ğŸ˜Š,i m feeling happy today haha
This is terrifying. omg,ğŸ˜±,this is terrifying omg
Absolute fire content!.,ğŸ”¥,absolute fire content
Please help me with this.!,ğŸ™,please help me with this
This is so frustrating.,ğŸ˜¡,this is so frustrating
I miss you so much. omg,ğŸ¥º,i miss you so much omg
I canâ€™t stop crying.,ğŸ˜¢,i can t stop crying
Love is in the air.,â¤ï¸,love is in the air
Well done!.,ğŸ‘,well done
You mean the world to me..,â¤ï¸,you mean the world to me
You made my day so funny!!,ğŸ˜‚,you made my day so funny
This lecture is making me sleepy.!,ğŸ˜´,this lecture is making me sleepy
Iâ€™m lost in thought. please,ğŸ¤”,i m lost in thought please
Iâ€™m craving something sweet. omg,ğŸ˜‹,i m craving something sweet omg
Iâ€™m lost in thought. omg,ğŸ¤”,i m lost in thought omg
Feeling drowsy at work. lol,ğŸ˜´,feeling drowsy at work lol
Iâ€™m in complete shock.,ğŸ˜±,i m in complete shock
I canâ€™t believe this happened. haha,ğŸ˜¡,i can t believe this happened haha
Youâ€™re on fire today! haha,ğŸ”¥,you re on fire today haha
You broke my heart.,ğŸ¥º,you broke my heart
Iâ€™m feeling happy today. omg,ğŸ˜Š,i m feeling happy today omg
Iâ€™m feeling emotional right now.!,ğŸ¥º,i m feeling emotional right now
Delicious meals make me happy. please,ğŸ˜‹,delicious meals make me happy please
Itâ€™s party time! haha,ğŸ¥³,it s party time haha
Time to party all night! omg,ğŸ¥³,time to party all night omg
I can't stop laughing at this!,ğŸ˜‚,i can t stop laughing at this
Itâ€™s party time! omg,ğŸ¥³,it s party time omg
Please help me with this.,ğŸ™,please help me with this
I canâ€™t believe this happened. lol,ğŸ˜¡,i can t believe this happened lol
I canâ€™t believe my eyes. haha,ğŸ˜±,i can t believe my eyes haha
Thatâ€™s so shocking! haha,ğŸ˜±,that s so shocking haha
You mean the world to me. please,â¤ï¸,you mean the world to me please
Iâ€™m upset with the situation. omg,ğŸ˜¡,i m upset with the situation omg
Iâ€™m so sleepy after lunch..,ğŸ˜´,i m so sleepy after lunch
I canâ€™t stop crying. please,ğŸ˜¢,i can t stop crying please
I miss you so much. haha,ğŸ¥º,i miss you so much haha
I need to go to bed early tonight. lol,ğŸ˜´,i need to go to bed early tonight lol
Blessings to you. lol,ğŸ™,blessings to you lol
I love programming so much.!,â¤ï¸,i love programming so much
Absolute fire content! haha,ğŸ”¥,absolute fire content haha
Absolute fire content! haha,ğŸ”¥,absolute fire content haha
Wishing you the sweetest birthday..,ğŸ‚,wishing you the sweetest birthday
That joke was hilarious! please,ğŸ˜‚,that joke was hilarious please
I stayed up too late yesterday. haha,ğŸ˜´,i stayed up too late yesterday haha
Happy birthday to you!!,ğŸ‚,happy birthday to you
Grateful for everything. lol,ğŸ™,grateful for everything lol
Cheers to the good times!,ğŸ¥³,cheers to the good times
That performance was fire! haha,ğŸ”¥,that performance was fire haha
Iâ€™m feeling emotional right now. omg,ğŸ¥º,i m feeling emotional right now omg
Yummy! I love this dish.!,ğŸ˜‹,yummy i love this dish
This news breaks my heart.,ğŸ˜¢,this news breaks my heart
I miss you so much. please,ğŸ¥º,i miss you so much please
Time to party all night!.,ğŸ¥³,time to party all night
Absolute fire content!,ğŸ”¥,absolute fire content
I love programming so much. omg,â¤ï¸,i love programming so much omg
I can't stop laughing at this! lol,ğŸ˜‚,i can t stop laughing at this lol
I miss you so much. lol,ğŸ¥º,i miss you so much lol
I love programming so much. please,â¤ï¸,i love programming so much please
Thatâ€™s a great idea! omg,ğŸ‘,that s a great idea omg
You mean the world to me. omg,â¤ï¸,you mean the world to me omg
Good job! lol,ğŸ‘,good job lol
Love is in the air. lol,â¤ï¸,love is in the air lol
I miss you so much..,ğŸ¥º,i miss you so much
Absolute fire content!!,ğŸ”¥,absolute fire content
Delicious meals make me happy..,ğŸ˜‹,delicious meals make me happy
You broke my heart.,ğŸ¥º,you broke my heart
That joke was hilarious!!,ğŸ˜‚,that joke was hilarious
This game is lit! omg,ğŸ”¥,this game is lit omg
I need to think about it.!,ğŸ¤”,i need to think about it
I truly adore this moment.!,â¤ï¸,i truly adore this moment
Sending you lots of love..,â¤ï¸,sending you lots of love
Feeling down right now. omg,ğŸ˜¢,feeling down right now omg
Feeling drowsy at work. lol,ğŸ˜´,feeling drowsy at work lol
Blessings to you..,ğŸ™,blessings to you
I canâ€™t believe my eyes. haha,ğŸ˜±,i can t believe my eyes haha
This news breaks my heart. please,ğŸ˜¢,this news breaks my heart please
I love programming so much.,â¤ï¸,i love programming so much
I can't stop laughing at this! lol,ğŸ˜‚,i can t stop laughing at this lol
I stayed up too late yesterday.!,ğŸ˜´,i stayed up too late yesterday
You have a lovely smile. please,ğŸ˜Š,you have a lovely smile please
Iâ€™m wondering what to do. lol,ğŸ¤”,i m wondering what to do lol
This food tastes amazing..,ğŸ˜‹,this food tastes amazing
That performance was fire!.,ğŸ”¥,that performance was fire
Grateful for everything. please,ğŸ™,grateful for everything please
Iâ€™m feeling emotional right now. haha,ğŸ¥º,i m feeling emotional right now haha
I canâ€™t believe this happened..,ğŸ˜¡,i can t believe this happened
You made my day so funny! please,ğŸ˜‚,you made my day so funny please
That cake looks so good.,ğŸ˜‹,that cake looks so good
This food tastes amazing.!,ğŸ˜‹,this food tastes amazing
This is terrifying. haha,ğŸ˜±,this is terrifying haha
Absolute fire content! please,ğŸ”¥,absolute fire content please
Itâ€™s party time!.,ğŸ¥³,it s party time
I feel blessed and happy.!,ğŸ˜Š,i feel blessed and happy
Thatâ€™s a great idea! lol,ğŸ‘,that s a great idea lol
Time to party all night! please,ğŸ¥³,time to party all night please
I canâ€™t believe this happened.!,ğŸ˜¡,i can t believe this happened
Wishing you the sweetest birthday. lol,ğŸ‚,wishing you the sweetest birthday lol
Iâ€™m in complete shock.!,ğŸ˜±,i m in complete shock
Thatâ€™s so hot right now. omg,ğŸ”¥,that s so hot right now omg
Iâ€™m really angry right now.,ğŸ˜¡,i m really angry right now
Letâ€™s celebrate your success!!,ğŸ¥³,let s celebrate your success
I canâ€™t believe my eyes..,ğŸ˜±,i can t believe my eyes
Love is in the air. lol,â¤ï¸,love is in the air lol
You made my day so funny! omg,ğŸ˜‚,you made my day so funny omg
Life feels heavy..,ğŸ˜¢,life feels heavy
I feel blessed and happy. please,ğŸ˜Š,i feel blessed and happy please
Why would they do that?,ğŸ¤”,why would they do that
I can't stop laughing at this!,ğŸ˜‚,i can t stop laughing at this
Letâ€™s cut the cake!,ğŸ‚,let s cut the cake
Thank you so much. omg,ğŸ™,thank you so much omg
Letâ€™s cut the cake! omg,ğŸ‚,let s cut the cake omg
I feel blessed and happy. please,ğŸ˜Š,i feel blessed and happy please
Letâ€™s celebrate your success!,ğŸ¥³,let s celebrate your success
Feeling down right now. omg,ğŸ˜¢,feeling down right now omg
Youâ€™re on fire today! omg,ğŸ”¥,you re on fire today omg
Thatâ€™s so sweet of you. please,ğŸ˜Š,that s so sweet of you please
Iâ€™m in complete shock. please,ğŸ˜±,i m in complete shock please
Good vibes only.,ğŸ˜Š,good vibes only
Thatâ€™s so touching.!,ğŸ¥º,that s so touching
Iâ€™m feeling happy today. haha,ğŸ˜Š,i m feeling happy today haha
I canâ€™t stop crying..,ğŸ˜¢,i can t stop crying
Iâ€™m really angry right now.,ğŸ˜¡,i m really angry right now
Letâ€™s celebrate your success!!,ğŸ¥³,let s celebrate your success
Delicious meals make me happy. please,ğŸ˜‹,delicious meals make me happy please
This news breaks my heart.,ğŸ˜¢,this news breaks my heart
Youâ€™re on fire today! haha,ğŸ”¥,you re on fire today haha
Itâ€™s party time!!,ğŸ¥³,it s party time
I canâ€™t believe this happened..,ğŸ˜¡,i can t believe this happened
That joke was hilarious! omg,ğŸ˜‚,that joke was hilarious omg
Thank you so much. please,ğŸ™,thank you so much please
Thatâ€™s so sweet of you. lol,ğŸ˜Š,that s so sweet of you lol
Iâ€™m feeling emotional right now..,ğŸ¥º,i m feeling emotional right now
Feeling down right now. omg,ğŸ˜¢,feeling down right now omg
Iâ€™m lost in thought. haha,ğŸ¤”,i m lost in thought haha
Feeling drowsy at work.,ğŸ˜´,feeling drowsy at work
This is so frustrating.,ğŸ˜¡,this is so frustrating
I need to think about it. omg,ğŸ¤”,i need to think about it omg
Iâ€™m wondering what to do.!,ğŸ¤”,i m wondering what to do
I need to go to bed early tonight..,ğŸ˜´,i need to go to bed early tonight
Please help me with this.!,ğŸ™,please help me with this
Please donâ€™t leave me. please,ğŸ¥º,please don t leave me please
Good vibes only.,ğŸ˜Š,good vibes only
Feeling down right now. omg,ğŸ˜¢,feeling down right now omg
Youâ€™re on fire today!,ğŸ”¥,you re on fire today
This is comedy gold! please,ğŸ˜‚,this is comedy gold please
Itâ€™s party time! haha,ğŸ¥³,it s party time haha
Thatâ€™s so shocking!,ğŸ˜±,that s so shocking
Iâ€™m feeling emotional right now. haha,ğŸ¥º,i m feeling emotional right now haha
You made my day so funny! please,ğŸ˜‚,you made my day so funny please
I love programming so much. lol,â¤ï¸,i love programming so much lol
I canâ€™t believe this happened. please,ğŸ˜¡,i can t believe this happened please
Iâ€™m wondering what to do. omg,ğŸ¤”,i m wondering what to do omg
We celebrated with a big birthday cake. please,ğŸ‚,we celebrated with a big birthday cake please
Good vibes only. omg,ğŸ˜Š,good vibes only omg
Iâ€™m upset with the situation.,ğŸ˜¡,i m upset with the situation
Iâ€™m craving something sweet.!,ğŸ˜‹,i m craving something sweet
Thatâ€™s so touching.!,ğŸ¥º,that s so touching
Please help me with this. omg,ğŸ™,please help me with this omg
Delicious meals make me happy. please,ğŸ˜‹,delicious meals make me happy please
That cake looks so good.!,ğŸ˜‹,that cake looks so good
That works perfectly. haha,ğŸ‘,that works perfectly haha
Thank you so much.!,ğŸ™,thank you so much
Youâ€™re on fire today!,ğŸ”¥,you re on fire today
That performance was fire!,ğŸ”¥,that performance was fire
Wishing you the sweetest birthday.!,ğŸ‚,wishing you the sweetest birthday
Time to party all night! lol,ğŸ¥³,time to party all night lol
Iâ€™m laughing so hard right now.,ğŸ˜‚,i m laughing so hard right now
This news breaks my heart. haha,ğŸ˜¢,this news breaks my heart haha
Letâ€™s celebrate your success!.,ğŸ¥³,let s celebrate your success
Iâ€™m wondering what to do..,ğŸ¤”,i m wondering what to do
Thatâ€™s a great idea!.,ğŸ‘,that s a great idea
I canâ€™t believe my eyes. please,ğŸ˜±,i can t believe my eyes please
I love programming so much. haha,â¤ï¸,i love programming so much haha
I love programming so much.!,â¤ï¸,i love programming so much
This lecture is making me sleepy.,ğŸ˜´,this lecture is making me sleepy
Iâ€™m feeling emotional right now..,ğŸ¥º,i m feeling emotional right now
This is comedy gold!!,ğŸ˜‚,this is comedy gold
Cheers to the good times!.,ğŸ¥³,cheers to the good times
Thatâ€™s so shocking! omg,ğŸ˜±,that s so shocking omg
Good job! lol,ğŸ‘,good job lol
Well done!!,ğŸ‘,well done
Thatâ€™s an interesting idea.,ğŸ¤”,that s an interesting idea
Youâ€™re on fire today!.,ğŸ”¥,you re on fire today
Time to party all night! please,ğŸ¥³,time to party all night please
This is so frustrating. please,ğŸ˜¡,this is so frustrating please
That performance was fire! haha,ğŸ”¥,that performance was fire haha
I truly adore this moment.,â¤ï¸,i truly adore this moment
Love is in the air..,â¤ï¸,love is in the air
I canâ€™t stop crying. please,ğŸ˜¢,i can t stop crying please
I canâ€™t stop crying. omg,ğŸ˜¢,i can t stop crying omg
Iâ€™m so sleepy after lunch. omg,ğŸ˜´,i m so sleepy after lunch omg
Iâ€™m feeling sad today..,ğŸ˜¢,i m feeling sad today
I can't stop laughing at this!,ğŸ˜‚,i can t stop laughing at this
This news breaks my heart.,ğŸ˜¢,this news breaks my heart
Happy birthday to you!!,ğŸ‚,happy birthday to you
That cake looks so good. haha,ğŸ˜‹,that cake looks so good haha
I need to go to bed early tonight. haha,ğŸ˜´,i need to go to bed early tonight haha
I canâ€™t believe this happened.!,ğŸ˜¡,i can t believe this happened
This is terrifying. haha,ğŸ˜±,this is terrifying haha
Feeling drowsy at work. haha,ğŸ˜´,feeling drowsy at work haha
You made my day so funny!!,ğŸ˜‚,you made my day so funny
Thatâ€™s a great idea!.,ğŸ‘,that s a great idea
I need to think about it. lol,ğŸ¤”,i need to think about it lol
Iâ€™m really angry right now.!,ğŸ˜¡,i m really angry right now
Delicious meals make me happy..,ğŸ˜‹,delicious meals make me happy
You mean the world to me. omg,â¤ï¸,you mean the world to me omg
Wishing you the sweetest birthday. lol,ğŸ‚,wishing you the sweetest birthday lol
I love programming so much. omg,â¤ï¸,i love programming so much omg
You broke my heart.,ğŸ¥º,you broke my heart
Please help me with this. haha,ğŸ™,please help me with this haha
Please donâ€™t leave me. omg,ğŸ¥º,please don t leave me omg
Iâ€™m so sleepy after lunch. haha,ğŸ˜´,i m so sleepy after lunch haha
Why would they do that? please,ğŸ¤”,why would they do that please
Please help me with this.!,ğŸ™,please help me with this
Thatâ€™s so shocking! haha,ğŸ˜±,that s so shocking haha
Iâ€™m feeling emotional right now. lol,ğŸ¥º,i m feeling emotional right now lol
I need to think about it. lol,ğŸ¤”,i need to think about it lol
Thatâ€™s so shocking!,ğŸ˜±,that s so shocking
Thatâ€™s so hot right now..,ğŸ”¥,that s so hot right now
Iâ€™m feeling happy today. omg,ğŸ˜Š,i m feeling happy today omg
Iâ€™m so sleepy after lunch.,ğŸ˜´,i m so sleepy after lunch
Iâ€™m so sleepy after lunch. haha,ğŸ˜´,i m so sleepy after lunch haha
This is so frustrating. please,ğŸ˜¡,this is so frustrating please
Thatâ€™s so shocking! haha,ğŸ˜±,that s so shocking haha
Thatâ€™s so hot right now. lol,ğŸ”¥,that s so hot right now lol
That joke was hilarious! haha,ğŸ˜‚,that joke was hilarious haha
Why would they do that? haha,ğŸ¤”,why would they do that haha
Iâ€™m in complete shock. please,ğŸ˜±,i m in complete shock please
Absolute fire content!!,ğŸ”¥,absolute fire content
That cake looks so good.,ğŸ˜‹,that cake looks so good
I canâ€™t stop crying. omg,ğŸ˜¢,i can t stop crying omg
I canâ€™t stop crying. please,ğŸ˜¢,i can t stop crying please
This lecture is making me sleepy..,ğŸ˜´,this lecture is making me sleepy
Why would they do that?!,ğŸ¤”,why would they do that
Itâ€™s party time! haha,ğŸ¥³,it s party time haha
Letâ€™s cut the cake! haha,ğŸ‚,let s cut the cake haha
That cake looks so good. lol,ğŸ˜‹,that cake looks so good lol
I can't stop laughing at this!.,ğŸ˜‚,i can t stop laughing at this
Time to party all night! haha,ğŸ¥³,time to party all night haha
Iâ€™m in complete shock. lol,ğŸ˜±,i m in complete shock lol
You mean the world to me. omg,â¤ï¸,you mean the world to me omg
I need to go to bed early tonight. lol,ğŸ˜´,i need to go to bed early tonight lol
I can't stop laughing at this!,ğŸ˜‚,i can t stop laughing at this
Iâ€™m wondering what to do. please,ğŸ¤”,i m wondering what to do please
This game is lit! haha,ğŸ”¥,this game is lit haha
That joke was hilarious! haha,ğŸ˜‚,that joke was hilarious haha
We celebrated with a big birthday cake. lol,ğŸ‚,we celebrated with a big birthday cake lol
I totally agree with you. lol,ğŸ‘,i totally agree with you lol
Iâ€™m upset with the situation. omg,ğŸ˜¡,i m upset with the situation omg
Youâ€™re on fire today! please,ğŸ”¥,you re on fire today please
Iâ€™m in complete shock. omg,ğŸ˜±,i m in complete shock omg
You have a lovely smile. lol,ğŸ˜Š,you have a lovely smile lol
Yummy! I love this dish.,ğŸ˜‹,yummy i love this dish
Itâ€™s my special day today.!,ğŸ‚,it s my special day today
Itâ€™s party time! lol,ğŸ¥³,it s party time lol
Iâ€™m feeling happy today. haha,ğŸ˜Š,i m feeling happy today haha
We celebrated with a big birthday cake.,ğŸ‚,we celebrated with a big birthday cake
I stayed up too late yesterday. omg,ğŸ˜´,i stayed up too late yesterday omg
Feeling drowsy at work.,ğŸ˜´,feeling drowsy at work
I totally agree with you. haha,ğŸ‘,i totally agree with you haha
Iâ€™m wondering what to do..,ğŸ¤”,i m wondering what to do
This food tastes amazing. lol,ğŸ˜‹,this food tastes amazing lol
That cake looks so good. omg,ğŸ˜‹,that cake looks so good omg
This is comedy gold!!,ğŸ˜‚,this is comedy gold
Thatâ€™s so shocking! haha,ğŸ˜±,that s so shocking haha
This is terrifying. haha,ğŸ˜±,this is terrifying haha
Itâ€™s party time! haha,ğŸ¥³,it s party time haha
Blessings to you. lol,ğŸ™,blessings to you lol
This lecture is making me sleepy. haha,ğŸ˜´,this lecture is making me sleepy haha
Iâ€™m really angry right now. please,ğŸ˜¡,i m really angry right now please
Delicious meals make me happy. omg,ğŸ˜‹,delicious meals make me happy omg
Letâ€™s celebrate your success! lol,ğŸ¥³,let s celebrate your success lol
Please help me with this. haha,ğŸ™,please help me with this haha
Iâ€™m feeling sad today. please,ğŸ˜¢,i m feeling sad today please
Letâ€™s celebrate your success!,ğŸ¥³,let s celebrate your success
I can't stop laughing at this! haha,ğŸ˜‚,i can t stop laughing at this haha
Yummy! I love this dish.!,ğŸ˜‹,yummy i love this dish
You made my day so funny!,ğŸ˜‚,you made my day so funny
Thatâ€™s so sweet of you.!,ğŸ˜Š,that s so sweet of you
Thatâ€™s so touching. please,ğŸ¥º,that s so touching please
You have a lovely smile..,ğŸ˜Š,you have a lovely smile
That works perfectly.,ğŸ‘,that works perfectly
Iâ€™m upset with the situation. omg,ğŸ˜¡,i m upset with the situation omg
Thatâ€™s so sweet of you.!,ğŸ˜Š,that s so sweet of you
Iâ€™m feeling emotional right now.,ğŸ¥º,i m feeling emotional right now
Thatâ€™s so shocking!,ğŸ˜±,that s so shocking
Good job!,ğŸ‘,good job
Life feels heavy. please,ğŸ˜¢,life feels heavy please
This is comedy gold! please,ğŸ˜‚,this is comedy gold please
I truly adore this moment. please,â¤ï¸,i truly adore this moment please
Happy birthday to you!,ğŸ‚,happy birthday to you
Good vibes only. omg,ğŸ˜Š,good vibes only omg
I totally agree with you..,ğŸ‘,i totally agree with you
Well done! please,ğŸ‘,well done please
Iâ€™m in complete shock. lol,ğŸ˜±,i m in complete shock lol
Blessings to you..,ğŸ™,blessings to you
Thatâ€™s so touching..,ğŸ¥º,that s so touching
This lecture is making me sleepy. lol,ğŸ˜´,this lecture is making me sleepy lol
I need to think about it. please,ğŸ¤”,i need to think about it please
Delicious meals make me happy. please,ğŸ˜‹,delicious meals make me happy please
Iâ€™m feeling happy today.,ğŸ˜Š,i m feeling happy today
Wishing you the sweetest birthday. lol,ğŸ‚,wishing you the sweetest birthday lol
Iâ€™m lost in thought.!,ğŸ¤”,i m lost in thought
Iâ€™m praying for you..,ğŸ™,i m praying for you
That cake looks so good.!,ğŸ˜‹,that cake looks so good
You have a lovely smile.,ğŸ˜Š,you have a lovely smile
Why would they do that? haha,ğŸ¤”,why would they do that haha
Grateful for everything.,ğŸ™,grateful for everything
This is terrifying..,ğŸ˜±,this is terrifying
What a scary moment!,ğŸ˜±,what a scary moment
This is comedy gold!.,ğŸ˜‚,this is comedy gold
This lecture is making me sleepy.!,ğŸ˜´,this lecture is making me sleepy
We had so much fun at the celebration..,ğŸ¥³,we had so much fun at the celebration
We celebrated with a big birthday cake. please,ğŸ‚,we celebrated with a big birthday cake please
Iâ€™m feeling sad today. lol,ğŸ˜¢,i m feeling sad today lol
Iâ€™m praying for you.,ğŸ™,i m praying for you
Love is in the air..,â¤ï¸,love is in the air
Feeling drowsy at work. omg,ğŸ˜´,feeling drowsy at work omg
Thank you so much. please,ğŸ™,thank you so much please
Iâ€™m feeling sad today.,ğŸ˜¢,i m feeling sad today
Iâ€™m wondering what to do.,ğŸ¤”,i m wondering what to do
I love programming so much..,â¤ï¸,i love programming so much
We celebrated with a big birthday cake. lol,ğŸ‚,we celebrated with a big birthday cake lol
I miss you so much..,ğŸ¥º,i miss you so much
Time to party all night!,ğŸ¥³,time to party all night
Absolute fire content! haha,ğŸ”¥,absolute fire content haha
Youâ€™re on fire today!,ğŸ”¥,you re on fire today
Iâ€™m in complete shock. lol,ğŸ˜±,i m in complete shock lol
Grateful for everything. haha,ğŸ™,grateful for everything haha
You broke my heart. please,ğŸ¥º,you broke my heart please
Itâ€™s party time! omg,ğŸ¥³,it s party time omg
You made my day so funny! lol,ğŸ˜‚,you made my day so funny lol
Iâ€™m really angry right now.,ğŸ˜¡,i m really angry right now
Feeling drowsy at work..,ğŸ˜´,feeling drowsy at work
Thatâ€™s a great idea! lol,ğŸ‘,that s a great idea lol
You mean the world to me.,â¤ï¸,you mean the world to me
You made my day so funny!.,ğŸ˜‚,you made my day so funny
I miss you so much.,ğŸ¥º,i miss you so much
You made my day so funny! haha,ğŸ˜‚,you made my day so funny haha
I love programming so much. lol,â¤ï¸,i love programming so much lol
Please donâ€™t leave me. lol,ğŸ¥º,please don t leave me lol
Thatâ€™s so touching..,ğŸ¥º,that s so touching
Youâ€™re on fire today!.,ğŸ”¥,you re on fire today
Iâ€™m feeling sad today..,ğŸ˜¢,i m feeling sad today
Thatâ€™s so sweet of you.!,ğŸ˜Š,that s so sweet of you
This game is lit!.,ğŸ”¥,this game is lit
I miss you so much..,ğŸ¥º,i miss you so much
Grateful for everything..,ğŸ™,grateful for everything
Letâ€™s cut the cake! omg,ğŸ‚,let s cut the cake omg
This game is lit! haha,ğŸ”¥,this game is lit haha
This is terrifying..,ğŸ˜±,this is terrifying
This news breaks my heart.,ğŸ˜¢,this news breaks my heart
You mean the world to me.,â¤ï¸,you mean the world to me
This is comedy gold! haha,ğŸ˜‚,this is comedy gold haha
Happy birthday to you! please,ğŸ‚,happy birthday to you please
Please help me with this. please,ğŸ™,please help me with this please
Iâ€™m upset with the situation. haha,ğŸ˜¡,i m upset with the situation haha
Grateful for everything..,ğŸ™,grateful for everything
We had so much fun at the celebration. lol,ğŸ¥³,we had so much fun at the celebration lol
I love programming so much.,â¤ï¸,i love programming so much
This is comedy gold! lol,ğŸ˜‚,this is comedy gold lol
Delicious meals make me happy. lol,ğŸ˜‹,delicious meals make me happy lol
This is terrifying. lol,ğŸ˜±,this is terrifying lol
Grateful for everything.!,ğŸ™,grateful for everything
Itâ€™s party time! lol,ğŸ¥³,it s party time lol
This is so frustrating.,ğŸ˜¡,this is so frustrating
I canâ€™t stop crying. haha,ğŸ˜¢,i can t stop crying haha
Iâ€™m praying for you.!,ğŸ™,i m praying for you
This food tastes amazing. haha,ğŸ˜‹,this food tastes amazing haha
This is comedy gold! haha,ğŸ˜‚,this is comedy gold haha
This game is lit! omg,ğŸ”¥,this game is lit omg
Iâ€™m praying for you. omg,ğŸ™,i m praying for you omg
I truly adore this moment. haha,â¤ï¸,i truly adore this moment haha
Good job!.,ğŸ‘,good job
Good job! please,ğŸ‘,good job please
Thatâ€™s a great idea!.,ğŸ‘,that s a great idea
Please donâ€™t leave me..,ğŸ¥º,please don t leave me
Life feels heavy.!,ğŸ˜¢,life feels heavy
Youâ€™re on fire today! haha,ğŸ”¥,you re on fire today haha
Please help me with this.,ğŸ™,please help me with this
I totally agree with you. please,ğŸ‘,i totally agree with you please
You have a lovely smile. omg,ğŸ˜Š,you have a lovely smile omg
Iâ€™m wondering what to do. haha,ğŸ¤”,i m wondering what to do haha
You mean the world to me. lol,â¤ï¸,you mean the world to me lol
That cake looks so good..,ğŸ˜‹,that cake looks so good
Blessings to you.,ğŸ™,blessings to you
I love programming so much. haha,â¤ï¸,i love programming so much haha
I feel blessed and happy. lol,ğŸ˜Š,i feel blessed and happy lol
Delicious meals make me happy. omg,ğŸ˜‹,delicious meals make me happy omg
This game is lit!.,ğŸ”¥,this game is lit
Thatâ€™s so sweet of you..,ğŸ˜Š,that s so sweet of you
Feeling down right now.!,ğŸ˜¢,feeling down right now
Feeling down right now. omg,ğŸ˜¢,feeling down right now omg
Thank you so much. lol,ğŸ™,thank you so much lol
I stayed up too late yesterday. omg,ğŸ˜´,i stayed up too late yesterday omg
Thatâ€™s so hot right now. haha,ğŸ”¥,that s so hot right now haha
Youâ€™re on fire today! lol,ğŸ”¥,you re on fire today lol
Please donâ€™t leave me.!,ğŸ¥º,please don t leave me
I need to go to bed early tonight. lol,ğŸ˜´,i need to go to bed early tonight lol
Love is in the air. lol,â¤ï¸,love is in the air lol
Thatâ€™s so hot right now.!,ğŸ”¥,that s so hot right now
I feel blessed and happy.,ğŸ˜Š,i feel blessed and happy
Feeling drowsy at work.,ğŸ˜´,feeling drowsy at work
That made me furious. lol,ğŸ˜¡,that made me furious lol
I canâ€™t believe this happened..,ğŸ˜¡,i can t believe this happened
Thatâ€™s an interesting idea. please,ğŸ¤”,that s an interesting idea please
Iâ€™m lost in thought.!,ğŸ¤”,i m lost in thought
Thatâ€™s a great idea! lol,ğŸ‘,that s a great idea lol
I canâ€™t stop crying. omg,ğŸ˜¢,i can t stop crying omg
This food tastes amazing.,ğŸ˜‹,this food tastes amazing
I stayed up too late yesterday. lol,ğŸ˜´,i stayed up too late yesterday lol
I can't stop laughing at this! lol,ğŸ˜‚,i can t stop laughing at this lol
I need to go to bed early tonight..,ğŸ˜´,i need to go to bed early tonight
Iâ€™m really angry right now. please,ğŸ˜¡,i m really angry right now please
Blessings to you. lol,ğŸ™,blessings to you lol
You mean the world to me. please,â¤ï¸,you mean the world to me please
Iâ€™m praying for you. haha,ğŸ™,i m praying for you haha
Yummy! I love this dish. please,ğŸ˜‹,yummy i love this dish please
That works perfectly..,ğŸ‘,that works perfectly
I love programming so much. please,â¤ï¸,i love programming so much please
You made my day so funny!,ğŸ˜‚,you made my day so funny
This lecture is making me sleepy. lol,ğŸ˜´,this lecture is making me sleepy lol
This is comedy gold!!,ğŸ˜‚,this is comedy gold
That made me furious. lol,ğŸ˜¡,that made me furious lol
Iâ€™m craving something sweet.!,ğŸ˜‹,i m craving something sweet
Wishing you the sweetest birthday..,ğŸ‚,wishing you the sweetest birthday
Letâ€™s cut the cake! omg,ğŸ‚,let s cut the cake omg
I canâ€™t stop crying. please,ğŸ˜¢,i can t stop crying please
That works perfectly..,ğŸ‘,that works perfectly
Life feels heavy..,ğŸ˜¢,life feels heavy
Iâ€™m lost in thought.,ğŸ¤”,i m lost in thought
I need to think about it. omg,ğŸ¤”,i need to think about it omg
Blessings to you. lol,ğŸ™,blessings to you lol
This game is lit!!,ğŸ”¥,this game is lit
Iâ€™m praying for you..,ğŸ™,i m praying for you
We celebrated with a big birthday cake. haha,ğŸ‚,we celebrated with a big birthday cake haha
Iâ€™m wondering what to do. omg,ğŸ¤”,i m wondering what to do omg
Itâ€™s my special day today. lol,ğŸ‚,it s my special day today lol
Thatâ€™s so hot right now. lol,ğŸ”¥,that s so hot right now lol
Iâ€™m upset with the situation. omg,ğŸ˜¡,i m upset with the situation omg
Feeling drowsy at work. omg,ğŸ˜´,feeling drowsy at work omg
Feeling down right now. please,ğŸ˜¢,feeling down right now please
I canâ€™t believe this happened. haha,ğŸ˜¡,i can t believe this happened haha
Life feels heavy. omg,ğŸ˜¢,life feels heavy omg
Absolute fire content!,ğŸ”¥,absolute fire content
This is terrifying. please,ğŸ˜±,this is terrifying please
That cake looks so good. haha,ğŸ˜‹,that cake looks so good haha
Iâ€™m praying for you.!,ğŸ™,i m praying for you
Blessings to you.!,ğŸ™,blessings to you
Thatâ€™s so touching..,ğŸ¥º,that s so touching
Why would they do that? omg,ğŸ¤”,why would they do that omg
I canâ€™t stop crying. lol,ğŸ˜¢,i can t stop crying lol
Feeling down right now. haha,ğŸ˜¢,feeling down right now haha
I miss you so much.,ğŸ¥º,i miss you so much
Iâ€™m feeling happy today..,ğŸ˜Š,i m feeling happy today
That cake looks so good.!,ğŸ˜‹,that cake looks so good
Thatâ€™s a great idea!,ğŸ‘,that s a great idea
I stayed up too late yesterday. please,ğŸ˜´,i stayed up too late yesterday please
This lecture is making me sleepy. haha,ğŸ˜´,this lecture is making me sleepy haha
Grateful for everything. please,ğŸ™,grateful for everything please
That performance was fire!!,ğŸ”¥,that performance was fire
We had so much fun at the celebration..,ğŸ¥³,we had so much fun at the celebration
That made me furious. haha,ğŸ˜¡,that made me furious haha
This news breaks my heart. omg,ğŸ˜¢,this news breaks my heart omg
This news breaks my heart. lol,ğŸ˜¢,this news breaks my heart lol
Thank you so much..,ğŸ™,thank you so much
Yummy! I love this dish..,ğŸ˜‹,yummy i love this dish
This is so frustrating.,ğŸ˜¡,this is so frustrating
I love programming so much. lol,â¤ï¸,i love programming so much lol
Iâ€™m wondering what to do. please,ğŸ¤”,i m wondering what to do please
I need to go to bed early tonight..,ğŸ˜´,i need to go to bed early tonight
What a scary moment! lol,ğŸ˜±,what a scary moment lol
That performance was fire!.,ğŸ”¥,that performance was fire
You mean the world to me.!,â¤ï¸,you mean the world to me
This news breaks my heart. please,ğŸ˜¢,this news breaks my heart please
Wishing you the sweetest birthday..,ğŸ‚,wishing you the sweetest birthday
Happy birthday to you! please,ğŸ‚,happy birthday to you please
I totally agree with you.,ğŸ‘,i totally agree with you
Iâ€™m really angry right now. lol,ğŸ˜¡,i m really angry right now lol
Iâ€™m so sleepy after lunch.,ğŸ˜´,i m so sleepy after lunch
Love is in the air..,â¤ï¸,love is in the air
Good vibes only. omg,ğŸ˜Š,good vibes only omg
Wishing you the sweetest birthday.!,ğŸ‚,wishing you the sweetest birthday
Thank you so much. lol,ğŸ™,thank you so much lol
We had so much fun at the celebration.,ğŸ¥³,we had so much fun at the celebration
Good vibes only. haha,ğŸ˜Š,good vibes only haha
I love programming so much. please,â¤ï¸,i love programming so much please
That cake looks so good. haha,ğŸ˜‹,that cake looks so good haha
That joke was hilarious!.,ğŸ˜‚,that joke was hilarious
Feeling drowsy at work. please,ğŸ˜´,feeling drowsy at work please
This food tastes amazing. please,ğŸ˜‹,this food tastes amazing please
This news breaks my heart.!,ğŸ˜¢,this news breaks my heart
Thatâ€™s a great idea! omg,ğŸ‘,that s a great idea omg
That made me furious. omg,ğŸ˜¡,that made me furious omg
This food tastes amazing.,ğŸ˜‹,this food tastes amazing
Blessings to you.!,ğŸ™,blessings to you
Happy birthday to you!.,ğŸ‚,happy birthday to you
Delicious meals make me happy. haha,ğŸ˜‹,delicious meals make me happy haha
Iâ€™m craving something sweet..,ğŸ˜‹,i m craving something sweet
Thatâ€™s so hot right now.!,ğŸ”¥,that s so hot right now
Iâ€™m lost in thought. haha,ğŸ¤”,i m lost in thought haha
I need to think about it..,ğŸ¤”,i need to think about it
Iâ€™m praying for you. please,ğŸ™,i m praying for you please
I totally agree with you. please,ğŸ‘,i totally agree with you please
Thatâ€™s so shocking! omg,ğŸ˜±,that s so shocking omg
Iâ€™m craving something sweet. omg,ğŸ˜‹,i m craving something sweet omg
This game is lit! lol,ğŸ”¥,this game is lit lol
Thatâ€™s so touching..,ğŸ¥º,that s so touching
This food tastes amazing. please,ğŸ˜‹,this food tastes amazing please
Thatâ€™s an interesting idea. omg,ğŸ¤”,that s an interesting idea omg
You broke my heart. lol,ğŸ¥º,you broke my heart lol
That works perfectly. please,ğŸ‘,that works perfectly please
Iâ€™m feeling emotional right now. please,ğŸ¥º,i m feeling emotional right now please
Thatâ€™s so shocking!!,ğŸ˜±,that s so shocking
Well done! haha,ğŸ‘,well done haha
I miss you so much..,ğŸ¥º,i miss you so much
Iâ€™m so sleepy after lunch. lol,ğŸ˜´,i m so sleepy after lunch lol
Absolute fire content! haha,ğŸ”¥,absolute fire content haha
Iâ€™m wondering what to do.,ğŸ¤”,i m wondering what to do
This is terrifying..,ğŸ˜±,this is terrifying
You have a lovely smile.!,ğŸ˜Š,you have a lovely smile
I canâ€™t stop crying.!,ğŸ˜¢,i can t stop crying
Absolute fire content!,ğŸ”¥,absolute fire content
Love is in the air.,â¤ï¸,love is in the air
Time to party all night! omg,ğŸ¥³,time to party all night omg
What a scary moment! please,ğŸ˜±,what a scary moment please
Good vibes only.!,ğŸ˜Š,good vibes only
Cheers to the good times!.,ğŸ¥³,cheers to the good times
What a scary moment! please,ğŸ˜±,what a scary moment please
Good job!!,ğŸ‘,good job
This game is lit! haha,ğŸ”¥,this game is lit haha
Yummy! I love this dish.,ğŸ˜‹,yummy i love this dish
Thatâ€™s an interesting idea. please,ğŸ¤”,that s an interesting idea please
Thatâ€™s so hot right now. omg,ğŸ”¥,that s so hot right now omg
This is terrifying. omg,ğŸ˜±,this is terrifying omg
Delicious meals make me happy..,ğŸ˜‹,delicious meals make me happy
I need to go to bed early tonight.,ğŸ˜´,i need to go to bed early tonight
Good vibes only. haha,ğŸ˜Š,good vibes only haha
Iâ€™m really angry right now. haha,ğŸ˜¡,i m really angry right now haha
You broke my heart.,ğŸ¥º,you broke my heart
I totally agree with you.,ğŸ‘,i totally agree with you
I totally agree with you.!,ğŸ‘,i totally agree with you
Life feels heavy.,ğŸ˜¢,life feels heavy
This is terrifying.,ğŸ˜±,this is terrifying
I truly adore this moment.!,â¤ï¸,i truly adore this moment
This lecture is making me sleepy. haha,ğŸ˜´,this lecture is making me sleepy haha
Thatâ€™s a great idea! please,ğŸ‘,that s a great idea please
Iâ€™m laughing so hard right now.!,ğŸ˜‚,i m laughing so hard right now
That performance was fire! lol,ğŸ”¥,that performance was fire lol
Love is in the air. please,â¤ï¸,love is in the air please
Letâ€™s celebrate your success! omg,ğŸ¥³,let s celebrate your success omg
Happy birthday to you!!,ğŸ‚,happy birthday to you
Iâ€™m really angry right now. please,ğŸ˜¡,i m really angry right now please
Time to party all night! haha,ğŸ¥³,time to party all night haha
Iâ€™m wondering what to do. omg,ğŸ¤”,i m wondering what to do omg
Well done! please,ğŸ‘,well done please
This food tastes amazing. please,ğŸ˜‹,this food tastes amazing please
I miss you so much. lol,ğŸ¥º,i miss you so much lol
Iâ€™m laughing so hard right now.!,ğŸ˜‚,i m laughing so hard right now
That joke was hilarious! haha,ğŸ˜‚,that joke was hilarious haha
That works perfectly.!,ğŸ‘,that works perfectly
I miss you so much. please,ğŸ¥º,i miss you so much please
Letâ€™s celebrate your success! haha,ğŸ¥³,let s celebrate your success haha
Sending you lots of love. haha,â¤ï¸,sending you lots of love haha
Iâ€™m in complete shock..,ğŸ˜±,i m in complete shock
I love programming so much. please,â¤ï¸,i love programming so much please
What a scary moment!.,ğŸ˜±,what a scary moment
That works perfectly. haha,ğŸ‘,that works perfectly haha
I feel blessed and happy. lol,ğŸ˜Š,i feel blessed and happy lol
Time to party all night!!,ğŸ¥³,time to party all night
Delicious meals make me happy. lol,ğŸ˜‹,delicious meals make me happy lol
Wishing you the sweetest birthday..,ğŸ‚,wishing you the sweetest birthday
Youâ€™re on fire today! omg,ğŸ”¥,you re on fire today omg
That made me furious. lol,ğŸ˜¡,that made me furious lol
Good vibes only. please,ğŸ˜Š,good vibes only please
Itâ€™s my special day today..,ğŸ‚,it s my special day today
That performance was fire! lol,ğŸ”¥,that performance was fire lol
Love is in the air. haha,â¤ï¸,love is in the air haha
I love programming so much. haha,â¤ï¸,i love programming so much haha
This is terrifying. haha,ğŸ˜±,this is terrifying haha
I canâ€™t believe this happened. haha,ğŸ˜¡,i can t believe this happened haha
Delicious meals make me happy.!,ğŸ˜‹,delicious meals make me happy
Please help me with this. lol,ğŸ™,please help me with this lol
I need to think about it. haha,ğŸ¤”,i need to think about it haha
This game is lit! please,ğŸ”¥,this game is lit please
Youâ€™re on fire today! lol,ğŸ”¥,you re on fire today lol
I totally agree with you..,ğŸ‘,i totally agree with you
I love programming so much. haha,â¤ï¸,i love programming so much haha
You made my day so funny!!,ğŸ˜‚,you made my day so funny
What a scary moment! please,ğŸ˜±,what a scary moment please
I miss you so much.!,ğŸ¥º,i miss you so much
Grateful for everything. lol,ğŸ™,grateful for everything lol
Feeling drowsy at work. haha,ğŸ˜´,feeling drowsy at work haha
Iâ€™m feeling sad today. haha,ğŸ˜¢,i m feeling sad today haha
Iâ€™m lost in thought. omg,ğŸ¤”,i m lost in thought omg
Iâ€™m in complete shock..,ğŸ˜±,i m in complete shock
Letâ€™s cut the cake!!,ğŸ‚,let s cut the cake
Iâ€™m laughing so hard right now.!,ğŸ˜‚,i m laughing so hard right now
We celebrated with a big birthday cake.,ğŸ‚,we celebrated with a big birthday cake
Iâ€™m lost in thought..,ğŸ¤”,i m lost in thought
We had so much fun at the celebration. please,ğŸ¥³,we had so much fun at the celebration please
Love is in the air.!,â¤ï¸,love is in the air
I feel blessed and happy.!,ğŸ˜Š,i feel blessed and happy
You made my day so funny!,ğŸ˜‚,you made my day so funny
Delicious meals make me happy.,ğŸ˜‹,delicious meals make me happy
Thank you so much. lol,ğŸ™,thank you so much lol
I feel blessed and happy.!,ğŸ˜Š,i feel blessed and happy
Iâ€™m wondering what to do.!,ğŸ¤”,i m wondering what to do
Iâ€™m praying for you.!,ğŸ™,i m praying for you
That cake looks so good. please,ğŸ˜‹,that cake looks so good please
I canâ€™t stop crying. lol,ğŸ˜¢,i can t stop crying lol
I love programming so much.,â¤ï¸,i love programming so much
This game is lit!!,ğŸ”¥,this game is lit
This food tastes amazing. please,ğŸ˜‹,this food tastes amazing please
Iâ€™m feeling emotional right now. please,ğŸ¥º,i m feeling emotional right now please
I totally agree with you. omg,ğŸ‘,i totally agree with you omg
Iâ€™m really angry right now.!,ğŸ˜¡,i m really angry right now
Thatâ€™s so sweet of you. haha,ğŸ˜Š,that s so sweet of you haha
Thatâ€™s so shocking!!,ğŸ˜±,that s so shocking
We celebrated with a big birthday cake. omg,ğŸ‚,we celebrated with a big birthday cake omg
That joke was hilarious!.,ğŸ˜‚,that joke was hilarious
This is so frustrating. haha,ğŸ˜¡,this is so frustrating haha
Itâ€™s my special day today.!,ğŸ‚,it s my special day today
Life feels heavy. haha,ğŸ˜¢,life feels heavy haha
Time to party all night! lol,ğŸ¥³,time to party all night lol
Iâ€™m feeling happy today.,ğŸ˜Š,i m feeling happy today
Itâ€™s party time!.,ğŸ¥³,it s party time
I canâ€™t believe my eyes. omg,ğŸ˜±,i can t believe my eyes omg
I stayed up too late yesterday. lol,ğŸ˜´,i stayed up too late yesterday lol
You have a lovely smile.,ğŸ˜Š,you have a lovely smile
Iâ€™m praying for you. haha,ğŸ™,i m praying for you haha
Iâ€™m so sleepy after lunch. lol,ğŸ˜´,i m so sleepy after lunch lol
We had so much fun at the celebration.,ğŸ¥³,we had so much fun at the celebration
Iâ€™m really angry right now. please,ğŸ˜¡,i m really angry right now please
Feeling drowsy at work. omg,ğŸ˜´,feeling drowsy at work omg
Well done! omg,ğŸ‘,well done omg
That works perfectly..,ğŸ‘,that works perfectly
Iâ€™m praying for you. haha,ğŸ™,i m praying for you haha
I feel blessed and happy. omg,ğŸ˜Š,i feel blessed and happy omg
Grateful for everything. please,ğŸ™,grateful for everything please
