sentence,emoji
Iâ€™m praying for you. haha,ğŸ™
Good vibes only..,ğŸ˜Š
This lecture is making me sleepy.,ğŸ˜´
Iâ€™m really angry right now. haha,ğŸ˜¡
That joke was hilarious! lol,ğŸ˜‚
Blessings to you. haha,ğŸ™
Itâ€™s party time! omg,ğŸ¥³
Thatâ€™s so hot right now.,ğŸ”¥
I canâ€™t believe this happened..,ğŸ˜¡
Thatâ€™s so sweet of you. omg,ğŸ˜Š
I feel blessed and happy..,ğŸ˜Š
I can't stop laughing at this! omg,ğŸ˜‚
Iâ€™m laughing so hard right now. lol,ğŸ˜‚
You have a lovely smile..,ğŸ˜Š
Happy birthday to you!!,ğŸ‚
I truly adore this moment. lol,â¤ï¸
Please donâ€™t leave me.!,ğŸ¥º
This is terrifying.,ğŸ˜±
I feel blessed and happy..,ğŸ˜Š
Iâ€™m really angry right now..,ğŸ˜¡
Letâ€™s celebrate your success! lol,ğŸ¥³
Thatâ€™s an interesting idea. lol,ğŸ¤”
Iâ€™m craving something sweet.!,ğŸ˜‹
Letâ€™s celebrate your success! haha,ğŸ¥³
Feeling drowsy at work. haha,ğŸ˜´
Itâ€™s my special day today..,ğŸ‚
This food tastes amazing..,ğŸ˜‹
Why would they do that?!,ğŸ¤”
We had so much fun at the celebration. lol,ğŸ¥³
Why would they do that?,ğŸ¤”
Letâ€™s celebrate your success! please,ğŸ¥³
Feeling down right now. lol,ğŸ˜¢
This food tastes amazing.!,ğŸ˜‹
This is terrifying. omg,ğŸ˜±
Letâ€™s celebrate your success! omg,ğŸ¥³
Why would they do that? haha,ğŸ¤”
I canâ€™t believe this happened. please,ğŸ˜¡
Iâ€™m laughing so hard right now..,ğŸ˜‚
Cheers to the good times! haha,ğŸ¥³
That cake looks so good..,ğŸ˜‹
Well done! omg,ğŸ‘
I stayed up too late yesterday. please,ğŸ˜´
Well done!,ğŸ‘
Itâ€™s party time! lol,ğŸ¥³
Life feels heavy. please,ğŸ˜¢
We had so much fun at the celebration. please,ğŸ¥³
Cheers to the good times!!,ğŸ¥³
I can't stop laughing at this! haha,ğŸ˜‚
This is comedy gold!!,ğŸ˜‚
Wishing you the sweetest birthday. haha,ğŸ‚
This is terrifying. please,ğŸ˜±
Grateful for everything. please,ğŸ™
Letâ€™s celebrate your success! please,ğŸ¥³
I truly adore this moment..,â¤ï¸
Well done! haha,ğŸ‘
Time to party all night!.,ğŸ¥³
This game is lit! haha,ğŸ”¥
Thank you so much. haha,ğŸ™
This game is lit!!,ğŸ”¥
We had so much fun at the celebration.!,ğŸ¥³
Letâ€™s cut the cake! please,ğŸ‚
I stayed up too late yesterday. haha,ğŸ˜´
I truly adore this moment..,â¤ï¸
I need to go to bed early tonight.,ğŸ˜´
I truly adore this moment. lol,â¤ï¸
Absolute fire content! haha,ğŸ”¥
That joke was hilarious! omg,ğŸ˜‚
I canâ€™t believe this happened..,ğŸ˜¡
I miss you so much. please,ğŸ¥º
Thatâ€™s so touching. please,ğŸ¥º
This is so frustrating.,ğŸ˜¡
I need to go to bed early tonight. omg,ğŸ˜´
Please help me with this. omg,ğŸ™
That joke was hilarious!.,ğŸ˜‚
You made my day so funny!.,ğŸ˜‚
This is so frustrating. haha,ğŸ˜¡
I love programming so much.!,â¤ï¸
I can't stop laughing at this!.,ğŸ˜‚
Life feels heavy. lol,ğŸ˜¢
Good vibes only. haha,ğŸ˜Š
Iâ€™m praying for you..,ğŸ™
You mean the world to me..,â¤ï¸
Good vibes only. please,ğŸ˜Š
Iâ€™m so sleepy after lunch. haha,ğŸ˜´
You broke my heart.,ğŸ¥º
Absolute fire content!.,ğŸ”¥
I totally agree with you.,ğŸ‘
You mean the world to me.!,â¤ï¸
That performance was fire! haha,ğŸ”¥
I need to think about it. please,ğŸ¤”
I miss you so much.,ğŸ¥º
That made me furious.,ğŸ˜¡
Itâ€™s my special day today..,ğŸ‚
Letâ€™s celebrate your success! please,ğŸ¥³
This game is lit!,ğŸ”¥
Delicious meals make me happy..,ğŸ˜‹
I miss you so much. lol,ğŸ¥º
This news breaks my heart.,ğŸ˜¢
Letâ€™s cut the cake!.,ğŸ‚
I stayed up too late yesterday.!,ğŸ˜´
Iâ€™m wondering what to do. please,ğŸ¤”
Feeling drowsy at work.,ğŸ˜´
I canâ€™t believe my eyes. omg,ğŸ˜±
This lecture is making me sleepy. haha,ğŸ˜´
Iâ€™m feeling sad today. omg,ğŸ˜¢
What a scary moment!.,ğŸ˜±
Thatâ€™s a great idea! please,ğŸ‘
This news breaks my heart. haha,ğŸ˜¢
Grateful for everything.,ğŸ™
This news breaks my heart. haha,ğŸ˜¢
We had so much fun at the celebration..,ğŸ¥³
This news breaks my heart.!,ğŸ˜¢
This lecture is making me sleepy. lol,ğŸ˜´
Absolute fire content!.,ğŸ”¥
Thatâ€™s an interesting idea. haha,ğŸ¤”
Thatâ€™s so hot right now.!,ğŸ”¥
Letâ€™s cut the cake! omg,ğŸ‚
I stayed up too late yesterday. please,ğŸ˜´
Thatâ€™s so shocking!.,ğŸ˜±
Sending you lots of love. omg,â¤ï¸
You broke my heart..,ğŸ¥º
I canâ€™t stop crying. lol,ğŸ˜¢
Absolute fire content!.,ğŸ”¥
That works perfectly..,ğŸ‘
That made me furious..,ğŸ˜¡
Iâ€™m praying for you. haha,ğŸ™
Letâ€™s celebrate your success!!,ğŸ¥³
This lecture is making me sleepy.,ğŸ˜´
Yummy! I love this dish.,ğŸ˜‹
Thatâ€™s an interesting idea.,ğŸ¤”
Letâ€™s cut the cake! omg,ğŸ‚
Thank you so much.!,ğŸ™
We celebrated with a big birthday cake..,ğŸ‚
You mean the world to me.!,â¤ï¸
Good job!!,ğŸ‘
Iâ€™m lost in thought. please,ğŸ¤”
Iâ€™m craving something sweet. please,ğŸ˜‹
Iâ€™m really angry right now. haha,ğŸ˜¡
This is so frustrating. please,ğŸ˜¡
I canâ€™t stop crying. lol,ğŸ˜¢
Good job!.,ğŸ‘
Iâ€™m lost in thought. omg,ğŸ¤”
Cheers to the good times!,ğŸ¥³
I need to think about it..,ğŸ¤”
Thatâ€™s so shocking! lol,ğŸ˜±
Iâ€™m feeling emotional right now. haha,ğŸ¥º
Iâ€™m craving something sweet..,ğŸ˜‹
Iâ€™m craving something sweet.!,ğŸ˜‹
Iâ€™m lost in thought. please,ğŸ¤”
Iâ€™m feeling emotional right now. haha,ğŸ¥º
That works perfectly. omg,ğŸ‘
Wishing you the sweetest birthday.,ğŸ‚
This is terrifying. please,ğŸ˜±
Sending you lots of love..,â¤ï¸
I canâ€™t stop crying.,ğŸ˜¢
Iâ€™m upset with the situation.,ğŸ˜¡
Time to party all night! please,ğŸ¥³
Itâ€™s my special day today.,ğŸ‚
Well done! lol,ğŸ‘
Happy birthday to you!,ğŸ‚
Thatâ€™s a great idea! please,ğŸ‘
Life feels heavy. omg,ğŸ˜¢
That performance was fire! haha,ğŸ”¥
We celebrated with a big birthday cake. lol,ğŸ‚
We celebrated with a big birthday cake. please,ğŸ‚
Good vibes only. haha,ğŸ˜Š
Iâ€™m so sleepy after lunch. lol,ğŸ˜´
Iâ€™m feeling sad today.!,ğŸ˜¢
Thatâ€™s so sweet of you. omg,ğŸ˜Š
Iâ€™m laughing so hard right now. omg,ğŸ˜‚
This is terrifying. please,ğŸ˜±
I canâ€™t stop crying. haha,ğŸ˜¢
Happy birthday to you! omg,ğŸ‚
Wishing you the sweetest birthday.!,ğŸ‚
I truly adore this moment.,â¤ï¸
Iâ€™m wondering what to do.,ğŸ¤”
Sending you lots of love. please,â¤ï¸
Grateful for everything.,ğŸ™
I stayed up too late yesterday.,ğŸ˜´
What a scary moment! lol,ğŸ˜±
What a scary moment!.,ğŸ˜±
Iâ€™m feeling happy today. lol,ğŸ˜Š
I love programming so much.!,â¤ï¸
Thatâ€™s so hot right now. please,ğŸ”¥
Itâ€™s my special day today. please,ğŸ‚
Youâ€™re on fire today! omg,ğŸ”¥
Iâ€™m feeling emotional right now..,ğŸ¥º
Iâ€™m feeling happy today. haha,ğŸ˜Š
Iâ€™m upset with the situation..,ğŸ˜¡
I miss you so much.,ğŸ¥º
You have a lovely smile. please,ğŸ˜Š
Yummy! I love this dish. haha,ğŸ˜‹
You made my day so funny! please,ğŸ˜‚
I feel blessed and happy. please,ğŸ˜Š
This is so frustrating. please,ğŸ˜¡
You mean the world to me. lol,â¤ï¸
I can't stop laughing at this! please,ğŸ˜‚
This news breaks my heart. lol,ğŸ˜¢
Thatâ€™s so hot right now..,ğŸ”¥
Happy birthday to you!.,ğŸ‚
I feel blessed and happy..,ğŸ˜Š
This news breaks my heart.,ğŸ˜¢
Yummy! I love this dish. omg,ğŸ˜‹
Feeling down right now. please,ğŸ˜¢
Life feels heavy. omg,ğŸ˜¢
I love programming so much. haha,â¤ï¸
What a scary moment!!,ğŸ˜±
Yummy! I love this dish. please,ğŸ˜‹
That cake looks so good. haha,ğŸ˜‹
Thatâ€™s a great idea!.,ğŸ‘
Blessings to you. omg,ğŸ™
This is terrifying. please,ğŸ˜±
This is so frustrating.!,ğŸ˜¡
Life feels heavy.!,ğŸ˜¢
This news breaks my heart. haha,ğŸ˜¢
Happy birthday to you! please,ğŸ‚
Why would they do that? haha,ğŸ¤”
We celebrated with a big birthday cake..,ğŸ‚
This food tastes amazing. haha,ğŸ˜‹
You broke my heart.,ğŸ¥º
Thank you so much..,ğŸ™
That performance was fire!,ğŸ”¥
That performance was fire! please,ğŸ”¥
Absolute fire content!.,ğŸ”¥
Wishing you the sweetest birthday. haha,ğŸ‚
Thatâ€™s so touching..,ğŸ¥º
Iâ€™m in complete shock. haha,ğŸ˜±
This lecture is making me sleepy. haha,ğŸ˜´
You mean the world to me.!,â¤ï¸
I need to think about it.,ğŸ¤”
Cheers to the good times!,ğŸ¥³
I stayed up too late yesterday. lol,ğŸ˜´
Absolute fire content!,ğŸ”¥
This food tastes amazing. haha,ğŸ˜‹
That performance was fire! haha,ğŸ”¥
Letâ€™s celebrate your success! lol,ğŸ¥³
You have a lovely smile. please,ğŸ˜Š
You broke my heart..,ğŸ¥º
Thank you so much. omg,ğŸ™
You have a lovely smile.!,ğŸ˜Š
Cheers to the good times! please,ğŸ¥³
Iâ€™m upset with the situation..,ğŸ˜¡
That joke was hilarious! lol,ğŸ˜‚
Iâ€™m feeling happy today. omg,ğŸ˜Š
I stayed up too late yesterday.,ğŸ˜´
Iâ€™m feeling emotional right now. haha,ğŸ¥º
This food tastes amazing. lol,ğŸ˜‹
Feeling down right now.,ğŸ˜¢
You made my day so funny! please,ğŸ˜‚
Feeling drowsy at work.,ğŸ˜´
Iâ€™m craving something sweet.,ğŸ˜‹
Time to party all night! omg,ğŸ¥³
Time to party all night!!,ğŸ¥³
I stayed up too late yesterday. omg,ğŸ˜´
Life feels heavy. omg,ğŸ˜¢
Thatâ€™s a great idea! please,ğŸ‘
You mean the world to me.,â¤ï¸
Iâ€™m feeling emotional right now. omg,ğŸ¥º
Happy birthday to you! haha,ğŸ‚
Grateful for everything. please,ğŸ™
Iâ€™m feeling emotional right now. haha,ğŸ¥º
We had so much fun at the celebration.!,ğŸ¥³
This game is lit!!,ğŸ”¥
Why would they do that? haha,ğŸ¤”
Iâ€™m craving something sweet. lol,ğŸ˜‹
Thatâ€™s so shocking! lol,ğŸ˜±
You broke my heart. please,ğŸ¥º
Iâ€™m wondering what to do..,ğŸ¤”
I canâ€™t stop crying. lol,ğŸ˜¢
That made me furious. omg,ğŸ˜¡
I need to think about it. please,ğŸ¤”
Iâ€™m in complete shock. haha,ğŸ˜±
Why would they do that?,ğŸ¤”
You have a lovely smile.,ğŸ˜Š
We celebrated with a big birthday cake. omg,ğŸ‚
You made my day so funny! lol,ğŸ˜‚
That joke was hilarious!,ğŸ˜‚
Letâ€™s cut the cake! omg,ğŸ‚
This is so frustrating..,ğŸ˜¡
Feeling drowsy at work.,ğŸ˜´
I totally agree with you. omg,ğŸ‘
You have a lovely smile..,ğŸ˜Š
I can't stop laughing at this! omg,ğŸ˜‚
Good vibes only. omg,ğŸ˜Š
Iâ€™m lost in thought. lol,ğŸ¤”
Youâ€™re on fire today!!,ğŸ”¥
Iâ€™m craving something sweet.!,ğŸ˜‹
Good vibes only. omg,ğŸ˜Š
This is terrifying. haha,ğŸ˜±
I totally agree with you. lol,ğŸ‘
Iâ€™m really angry right now. lol,ğŸ˜¡
Grateful for everything.,ğŸ™
This is so frustrating. haha,ğŸ˜¡
Thank you so much. lol,ğŸ™
Iâ€™m so sleepy after lunch.,ğŸ˜´
Thatâ€™s so shocking! please,ğŸ˜±
Thatâ€™s so touching. omg,ğŸ¥º
Youâ€™re on fire today!.,ğŸ”¥
I feel blessed and happy.!,ğŸ˜Š
Please help me with this..,ğŸ™
Thatâ€™s so sweet of you. omg,ğŸ˜Š
Youâ€™re on fire today! please,ğŸ”¥
Love is in the air..,â¤ï¸
Iâ€™m praying for you. please,ğŸ™
Delicious meals make me happy. haha,ğŸ˜‹
I feel blessed and happy.!,ğŸ˜Š
This news breaks my heart. lol,ğŸ˜¢
Iâ€™m laughing so hard right now.,ğŸ˜‚
That joke was hilarious! lol,ğŸ˜‚
Good vibes only..,ğŸ˜Š
Love is in the air. lol,â¤ï¸
Iâ€™m laughing so hard right now..,ğŸ˜‚
Thatâ€™s so touching.!,ğŸ¥º
Blessings to you. omg,ğŸ™
Happy birthday to you! haha,ğŸ‚
That made me furious. omg,ğŸ˜¡
Iâ€™m in complete shock.!,ğŸ˜±
That works perfectly. omg,ğŸ‘
This food tastes amazing. haha,ğŸ˜‹
Thank you so much.!,ğŸ™
This is terrifying. haha,ğŸ˜±
Thatâ€™s so hot right now. lol,ğŸ”¥
You broke my heart.,ğŸ¥º
I need to think about it.!,ğŸ¤”
That works perfectly. please,ğŸ‘
Thatâ€™s an interesting idea.,ğŸ¤”
Thatâ€™s so shocking!!,ğŸ˜±
Happy birthday to you!,ğŸ‚
Thatâ€™s so hot right now.!,ğŸ”¥
I truly adore this moment.!,â¤ï¸
Iâ€™m upset with the situation. please,ğŸ˜¡
I can't stop laughing at this!,ğŸ˜‚
This is comedy gold!.,ğŸ˜‚
We celebrated with a big birthday cake. omg,ğŸ‚
Thatâ€™s a great idea! lol,ğŸ‘
I canâ€™t believe this happened. haha,ğŸ˜¡
Thatâ€™s so shocking! lol,ğŸ˜±
Love is in the air.,â¤ï¸
Good job! haha,ğŸ‘
You made my day so funny!!,ğŸ˜‚
Blessings to you. please,ğŸ™
Itâ€™s party time! lol,ğŸ¥³
Thatâ€™s so sweet of you. omg,ğŸ˜Š
I canâ€™t believe my eyes. haha,ğŸ˜±
I need to think about it.!,ğŸ¤”
Iâ€™m upset with the situation. lol,ğŸ˜¡
This is terrifying.!,ğŸ˜±
I miss you so much. haha,ğŸ¥º
Good job!!,ğŸ‘
Itâ€™s party time!,ğŸ¥³
Wishing you the sweetest birthday. haha,ğŸ‚
We celebrated with a big birthday cake..,ğŸ‚
I can't stop laughing at this! haha,ğŸ˜‚
Time to party all night!,ğŸ¥³
Thatâ€™s an interesting idea. lol,ğŸ¤”
That joke was hilarious! haha,ğŸ˜‚
Letâ€™s cut the cake! lol,ğŸ‚
Iâ€™m so sleepy after lunch. omg,ğŸ˜´
I canâ€™t believe my eyes. omg,ğŸ˜±
You made my day so funny!.,ğŸ˜‚
Please donâ€™t leave me. haha,ğŸ¥º
Love is in the air. haha,â¤ï¸
I need to go to bed early tonight..,ğŸ˜´
Iâ€™m feeling sad today. haha,ğŸ˜¢
Thatâ€™s a great idea!!,ğŸ‘
Thatâ€™s a great idea! omg,ğŸ‘
Iâ€™m laughing so hard right now. omg,ğŸ˜‚
I canâ€™t stop crying.,ğŸ˜¢
Thatâ€™s so shocking!!,ğŸ˜±
This food tastes amazing. lol,ğŸ˜‹
Iâ€™m feeling emotional right now. omg,ğŸ¥º
I totally agree with you. haha,ğŸ‘
Well done! omg,ğŸ‘
Please donâ€™t leave me. haha,ğŸ¥º
I need to think about it..,ğŸ¤”
This is so frustrating.,ğŸ˜¡
That performance was fire!,ğŸ”¥
Cheers to the good times! lol,ğŸ¥³
Iâ€™m feeling sad today.!,ğŸ˜¢
Happy birthday to you!.,ğŸ‚
Good vibes only.,ğŸ˜Š
Grateful for everything.!,ğŸ™
I miss you so much. haha,ğŸ¥º
I feel blessed and happy. lol,ğŸ˜Š
Iâ€™m craving something sweet..,ğŸ˜‹
Life feels heavy. omg,ğŸ˜¢
You made my day so funny! please,ğŸ˜‚
I canâ€™t believe my eyes.!,ğŸ˜±
I stayed up too late yesterday..,ğŸ˜´
I feel blessed and happy.,ğŸ˜Š
Why would they do that? lol,ğŸ¤”
Letâ€™s celebrate your success! omg,ğŸ¥³
Iâ€™m feeling sad today.,ğŸ˜¢
Happy birthday to you!,ğŸ‚
Iâ€™m really angry right now.!,ğŸ˜¡
I totally agree with you.!,ğŸ‘
We had so much fun at the celebration. lol,ğŸ¥³
Iâ€™m upset with the situation..,ğŸ˜¡
Yummy! I love this dish. lol,ğŸ˜‹
Please donâ€™t leave me. lol,ğŸ¥º
This is so frustrating.!,ğŸ˜¡
Well done! lol,ğŸ‘
Sending you lots of love. omg,â¤ï¸
Well done! please,ğŸ‘
Iâ€™m really angry right now..,ğŸ˜¡
I stayed up too late yesterday..,ğŸ˜´
Itâ€™s party time! lol,ğŸ¥³
Love is in the air. omg,â¤ï¸
That cake looks so good. please,ğŸ˜‹
Thatâ€™s an interesting idea. please,ğŸ¤”
Iâ€™m wondering what to do..,ğŸ¤”
Thatâ€™s so touching. lol,ğŸ¥º
Delicious meals make me happy.,ğŸ˜‹
We celebrated with a big birthday cake. omg,ğŸ‚
Iâ€™m upset with the situation. lol,ğŸ˜¡
That cake looks so good. omg,ğŸ˜‹
Time to party all night! lol,ğŸ¥³
This food tastes amazing. omg,ğŸ˜‹
Please donâ€™t leave me. haha,ğŸ¥º
That made me furious. haha,ğŸ˜¡
Love is in the air..,â¤ï¸
This lecture is making me sleepy.!,ğŸ˜´
Grateful for everything.,ğŸ™
This food tastes amazing. omg,ğŸ˜‹
Thatâ€™s an interesting idea. lol,ğŸ¤”
This lecture is making me sleepy.!,ğŸ˜´
Iâ€™m in complete shock. omg,ğŸ˜±
Thatâ€™s so sweet of you. please,ğŸ˜Š
Iâ€™m in complete shock. haha,ğŸ˜±
You made my day so funny! haha,ğŸ˜‚
Thatâ€™s so touching.!,ğŸ¥º
Sending you lots of love. please,â¤ï¸
Itâ€™s my special day today. omg,ğŸ‚
Itâ€™s my special day today. haha,ğŸ‚
I canâ€™t believe this happened. please,ğŸ˜¡
Letâ€™s celebrate your success! omg,ğŸ¥³
Time to party all night! lol,ğŸ¥³
Itâ€™s my special day today. lol,ğŸ‚
Life feels heavy.!,ğŸ˜¢
I need to go to bed early tonight. omg,ğŸ˜´
This is so frustrating. lol,ğŸ˜¡
Youâ€™re on fire today!.,ğŸ”¥
This news breaks my heart. please,ğŸ˜¢
Iâ€™m in complete shock..,ğŸ˜±
Iâ€™m feeling sad today. haha,ğŸ˜¢
Iâ€™m wondering what to do. omg,ğŸ¤”
Thatâ€™s so sweet of you. lol,ğŸ˜Š
This is terrifying. lol,ğŸ˜±
That cake looks so good.!,ğŸ˜‹
You made my day so funny! omg,ğŸ˜‚
What a scary moment! please,ğŸ˜±
Thatâ€™s so shocking!,ğŸ˜±
Thatâ€™s an interesting idea. lol,ğŸ¤”
Thatâ€™s a great idea! please,ğŸ‘
Thatâ€™s a great idea!.,ğŸ‘
We celebrated with a big birthday cake.!,ğŸ‚
We celebrated with a big birthday cake..,ğŸ‚
Iâ€™m feeling sad today. lol,ğŸ˜¢
Youâ€™re on fire today! please,ğŸ”¥
Wishing you the sweetest birthday. please,ğŸ‚
Iâ€™m feeling emotional right now. omg,ğŸ¥º
I truly adore this moment. haha,â¤ï¸
We had so much fun at the celebration.!,ğŸ¥³
I love programming so much. please,â¤ï¸
Good vibes only.!,ğŸ˜Š
I miss you so much.,ğŸ¥º
Yummy! I love this dish. please,ğŸ˜‹
We celebrated with a big birthday cake.!,ğŸ‚
Thatâ€™s a great idea!,ğŸ‘
That works perfectly. lol,ğŸ‘
I canâ€™t believe my eyes. haha,ğŸ˜±
Feeling down right now. lol,ğŸ˜¢
Grateful for everything.!,ğŸ™
We celebrated with a big birthday cake. haha,ğŸ‚
Iâ€™m in complete shock..,ğŸ˜±
Why would they do that? lol,ğŸ¤”
I can't stop laughing at this!.,ğŸ˜‚
I stayed up too late yesterday. lol,ğŸ˜´
Thatâ€™s so touching. omg,ğŸ¥º
You made my day so funny! omg,ğŸ˜‚
Thatâ€™s so sweet of you..,ğŸ˜Š
Iâ€™m lost in thought. lol,ğŸ¤”
I canâ€™t believe this happened. lol,ğŸ˜¡
I canâ€™t believe this happened. haha,ğŸ˜¡
Wishing you the sweetest birthday. haha,ğŸ‚
Love is in the air. lol,â¤ï¸
Iâ€™m wondering what to do. omg,ğŸ¤”
Good vibes only. haha,ğŸ˜Š
Iâ€™m lost in thought. omg,ğŸ¤”
We had so much fun at the celebration. omg,ğŸ¥³
Thatâ€™s so sweet of you. please,ğŸ˜Š
Iâ€™m laughing so hard right now..,ğŸ˜‚
This lecture is making me sleepy. lol,ğŸ˜´
Please donâ€™t leave me.,ğŸ¥º
Feeling drowsy at work. omg,ğŸ˜´
I canâ€™t believe this happened. omg,ğŸ˜¡
Grateful for everything.,ğŸ™
I need to think about it. omg,ğŸ¤”
Please help me with this..,ğŸ™
That works perfectly. lol,ğŸ‘
Thatâ€™s so shocking!!,ğŸ˜±
Iâ€™m upset with the situation. omg,ğŸ˜¡
Please donâ€™t leave me. lol,ğŸ¥º
Well done! haha,ğŸ‘
That works perfectly..,ğŸ‘
Itâ€™s party time!!,ğŸ¥³
I love programming so much. omg,â¤ï¸
I canâ€™t believe this happened.,ğŸ˜¡
Iâ€™m wondering what to do..,ğŸ¤”
That joke was hilarious!!,ğŸ˜‚
We celebrated with a big birthday cake.!,ğŸ‚
Iâ€™m craving something sweet..,ğŸ˜‹
I canâ€™t believe this happened..,ğŸ˜¡
Blessings to you. haha,ğŸ™
That works perfectly. please,ğŸ‘
Thatâ€™s a great idea! haha,ğŸ‘
Feeling drowsy at work. omg,ğŸ˜´
I miss you so much. omg,ğŸ¥º
Iâ€™m lost in thought. omg,ğŸ¤”
I can't stop laughing at this!!,ğŸ˜‚
Wishing you the sweetest birthday. omg,ğŸ‚
Well done! lol,ğŸ‘
You mean the world to me.,â¤ï¸
Sending you lots of love. omg,â¤ï¸
I stayed up too late yesterday. haha,ğŸ˜´
Well done! haha,ğŸ‘
Cheers to the good times! please,ğŸ¥³
Feeling drowsy at work. omg,ğŸ˜´
Thatâ€™s so sweet of you. omg,ğŸ˜Š
Happy birthday to you!.,ğŸ‚
Please help me with this.,ğŸ™
This is comedy gold!.,ğŸ˜‚
This is so frustrating. lol,ğŸ˜¡
Iâ€™m feeling happy today. omg,ğŸ˜Š
We had so much fun at the celebration. haha,ğŸ¥³
This game is lit! lol,ğŸ”¥
That made me furious.,ğŸ˜¡
Thank you so much..,ğŸ™
This lecture is making me sleepy. lol,ğŸ˜´
You broke my heart. haha,ğŸ¥º
Good job! haha,ğŸ‘
Thatâ€™s so touching..,ğŸ¥º
I love programming so much.!,â¤ï¸
Grateful for everything..,ğŸ™
I totally agree with you. haha,ğŸ‘
Why would they do that?.,ğŸ¤”
Thank you so much.,ğŸ™
That joke was hilarious! lol,ğŸ˜‚
Iâ€™m wondering what to do..,ğŸ¤”
Iâ€™m feeling happy today.!,ğŸ˜Š
We had so much fun at the celebration.,ğŸ¥³
We had so much fun at the celebration. omg,ğŸ¥³
Yummy! I love this dish. haha,ğŸ˜‹
You have a lovely smile..,ğŸ˜Š
Letâ€™s cut the cake! lol,ğŸ‚
This news breaks my heart..,ğŸ˜¢
Good vibes only..,ğŸ˜Š
Iâ€™m praying for you..,ğŸ™
Life feels heavy.,ğŸ˜¢
Please donâ€™t leave me. please,ğŸ¥º
Iâ€™m feeling happy today. haha,ğŸ˜Š
This is terrifying. omg,ğŸ˜±
Absolute fire content!.,ğŸ”¥
Please help me with this.!,ğŸ™
This is so frustrating.,ğŸ˜¡
I miss you so much. omg,ğŸ¥º
I canâ€™t stop crying.,ğŸ˜¢
Love is in the air.,â¤ï¸
Well done!.,ğŸ‘
You mean the world to me..,â¤ï¸
You made my day so funny!!,ğŸ˜‚
This lecture is making me sleepy.!,ğŸ˜´
Iâ€™m lost in thought. please,ğŸ¤”
Iâ€™m craving something sweet. omg,ğŸ˜‹
Iâ€™m lost in thought. omg,ğŸ¤”
Feeling drowsy at work. lol,ğŸ˜´
Iâ€™m in complete shock.,ğŸ˜±
I canâ€™t believe this happened. haha,ğŸ˜¡
Youâ€™re on fire today! haha,ğŸ”¥
You broke my heart.,ğŸ¥º
Iâ€™m feeling happy today. omg,ğŸ˜Š
Iâ€™m feeling emotional right now.!,ğŸ¥º
Delicious meals make me happy. please,ğŸ˜‹
Itâ€™s party time! haha,ğŸ¥³
Time to party all night! omg,ğŸ¥³
I can't stop laughing at this!,ğŸ˜‚
Itâ€™s party time! omg,ğŸ¥³
Please help me with this.,ğŸ™
I canâ€™t believe this happened. lol,ğŸ˜¡
I canâ€™t believe my eyes. haha,ğŸ˜±
Thatâ€™s so shocking! haha,ğŸ˜±
You mean the world to me. please,â¤ï¸
Iâ€™m upset with the situation. omg,ğŸ˜¡
Iâ€™m so sleepy after lunch..,ğŸ˜´
I canâ€™t stop crying. please,ğŸ˜¢
I miss you so much. haha,ğŸ¥º
I need to go to bed early tonight. lol,ğŸ˜´
Blessings to you. lol,ğŸ™
I love programming so much.!,â¤ï¸
Absolute fire content! haha,ğŸ”¥
Absolute fire content! haha,ğŸ”¥
Wishing you the sweetest birthday..,ğŸ‚
That joke was hilarious! please,ğŸ˜‚
I stayed up too late yesterday. haha,ğŸ˜´
Happy birthday to you!!,ğŸ‚
Grateful for everything. lol,ğŸ™
Cheers to the good times!,ğŸ¥³
That performance was fire! haha,ğŸ”¥
Iâ€™m feeling emotional right now. omg,ğŸ¥º
Yummy! I love this dish.!,ğŸ˜‹
This news breaks my heart.,ğŸ˜¢
I miss you so much. please,ğŸ¥º
Time to party all night!.,ğŸ¥³
Absolute fire content!,ğŸ”¥
I love programming so much. omg,â¤ï¸
I can't stop laughing at this! lol,ğŸ˜‚
I miss you so much. lol,ğŸ¥º
I love programming so much. please,â¤ï¸
Thatâ€™s a great idea! omg,ğŸ‘
You mean the world to me. omg,â¤ï¸
Good job! lol,ğŸ‘
Love is in the air. lol,â¤ï¸
I miss you so much..,ğŸ¥º
Absolute fire content!!,ğŸ”¥
Delicious meals make me happy..,ğŸ˜‹
You broke my heart.,ğŸ¥º
That joke was hilarious!!,ğŸ˜‚
This game is lit! omg,ğŸ”¥
I need to think about it.!,ğŸ¤”
I truly adore this moment.!,â¤ï¸
Sending you lots of love..,â¤ï¸
Feeling down right now. omg,ğŸ˜¢
Feeling drowsy at work. lol,ğŸ˜´
Blessings to you..,ğŸ™
I canâ€™t believe my eyes. haha,ğŸ˜±
This news breaks my heart. please,ğŸ˜¢
I love programming so much.,â¤ï¸
I can't stop laughing at this! lol,ğŸ˜‚
I stayed up too late yesterday.!,ğŸ˜´
You have a lovely smile. please,ğŸ˜Š
Iâ€™m wondering what to do. lol,ğŸ¤”
This food tastes amazing..,ğŸ˜‹
That performance was fire!.,ğŸ”¥
Grateful for everything. please,ğŸ™
Iâ€™m feeling emotional right now. haha,ğŸ¥º
I canâ€™t believe this happened..,ğŸ˜¡
You made my day so funny! please,ğŸ˜‚
That cake looks so good.,ğŸ˜‹
This food tastes amazing.!,ğŸ˜‹
This is terrifying. haha,ğŸ˜±
Absolute fire content! please,ğŸ”¥
Itâ€™s party time!.,ğŸ¥³
I feel blessed and happy.!,ğŸ˜Š
Thatâ€™s a great idea! lol,ğŸ‘
Time to party all night! please,ğŸ¥³
I canâ€™t believe this happened.!,ğŸ˜¡
Wishing you the sweetest birthday. lol,ğŸ‚
Iâ€™m in complete shock.!,ğŸ˜±
Thatâ€™s so hot right now. omg,ğŸ”¥
Iâ€™m really angry right now.,ğŸ˜¡
Letâ€™s celebrate your success!!,ğŸ¥³
I canâ€™t believe my eyes..,ğŸ˜±
Love is in the air. lol,â¤ï¸
You made my day so funny! omg,ğŸ˜‚
Life feels heavy..,ğŸ˜¢
I feel blessed and happy. please,ğŸ˜Š
Why would they do that?,ğŸ¤”
I can't stop laughing at this!,ğŸ˜‚
Letâ€™s cut the cake!,ğŸ‚
Thank you so much. omg,ğŸ™
Letâ€™s cut the cake! omg,ğŸ‚
I feel blessed and happy. please,ğŸ˜Š
Letâ€™s celebrate your success!,ğŸ¥³
Feeling down right now. omg,ğŸ˜¢
Youâ€™re on fire today! omg,ğŸ”¥
Thatâ€™s so sweet of you. please,ğŸ˜Š
Iâ€™m in complete shock. please,ğŸ˜±
Good vibes only.,ğŸ˜Š
Thatâ€™s so touching.!,ğŸ¥º
Iâ€™m feeling happy today. haha,ğŸ˜Š
I canâ€™t stop crying..,ğŸ˜¢
Iâ€™m really angry right now.,ğŸ˜¡
Letâ€™s celebrate your success!!,ğŸ¥³
Delicious meals make me happy. please,ğŸ˜‹
This news breaks my heart.,ğŸ˜¢
Youâ€™re on fire today! haha,ğŸ”¥
Itâ€™s party time!!,ğŸ¥³
I canâ€™t believe this happened..,ğŸ˜¡
That joke was hilarious! omg,ğŸ˜‚
Thank you so much. please,ğŸ™
Thatâ€™s so sweet of you. lol,ğŸ˜Š
Iâ€™m feeling emotional right now..,ğŸ¥º
Feeling down right now. omg,ğŸ˜¢
Iâ€™m lost in thought. haha,ğŸ¤”
Feeling drowsy at work.,ğŸ˜´
This is so frustrating.,ğŸ˜¡
I need to think about it. omg,ğŸ¤”
Iâ€™m wondering what to do.!,ğŸ¤”
I need to go to bed early tonight..,ğŸ˜´
Please help me with this.!,ğŸ™
Please donâ€™t leave me. please,ğŸ¥º
Good vibes only.,ğŸ˜Š
Feeling down right now. omg,ğŸ˜¢
Youâ€™re on fire today!,ğŸ”¥
This is comedy gold! please,ğŸ˜‚
Itâ€™s party time! haha,ğŸ¥³
Thatâ€™s so shocking!,ğŸ˜±
Iâ€™m feeling emotional right now. haha,ğŸ¥º
You made my day so funny! please,ğŸ˜‚
I love programming so much. lol,â¤ï¸
I canâ€™t believe this happened. please,ğŸ˜¡
Iâ€™m wondering what to do. omg,ğŸ¤”
We celebrated with a big birthday cake. please,ğŸ‚
Good vibes only. omg,ğŸ˜Š
Iâ€™m upset with the situation.,ğŸ˜¡
Iâ€™m craving something sweet.!,ğŸ˜‹
Thatâ€™s so touching.!,ğŸ¥º
Please help me with this. omg,ğŸ™
Delicious meals make me happy. please,ğŸ˜‹
That cake looks so good.!,ğŸ˜‹
That works perfectly. haha,ğŸ‘
Thank you so much.!,ğŸ™
Youâ€™re on fire today!,ğŸ”¥
That performance was fire!,ğŸ”¥
Wishing you the sweetest birthday.!,ğŸ‚
Time to party all night! lol,ğŸ¥³
Iâ€™m laughing so hard right now.,ğŸ˜‚
This news breaks my heart. haha,ğŸ˜¢
Letâ€™s celebrate your success!.,ğŸ¥³
Iâ€™m wondering what to do..,ğŸ¤”
Thatâ€™s a great idea!.,ğŸ‘
I canâ€™t believe my eyes. please,ğŸ˜±
I love programming so much. haha,â¤ï¸
I love programming so much.!,â¤ï¸
This lecture is making me sleepy.,ğŸ˜´
Iâ€™m feeling emotional right now..,ğŸ¥º
This is comedy gold!!,ğŸ˜‚
Cheers to the good times!.,ğŸ¥³
Thatâ€™s so shocking! omg,ğŸ˜±
Good job! lol,ğŸ‘
Well done!!,ğŸ‘
Thatâ€™s an interesting idea.,ğŸ¤”
Youâ€™re on fire today!.,ğŸ”¥
Time to party all night! please,ğŸ¥³
This is so frustrating. please,ğŸ˜¡
That performance was fire! haha,ğŸ”¥
I truly adore this moment.,â¤ï¸
Love is in the air..,â¤ï¸
I canâ€™t stop crying. please,ğŸ˜¢
I canâ€™t stop crying. omg,ğŸ˜¢
Iâ€™m so sleepy after lunch. omg,ğŸ˜´
Iâ€™m feeling sad today..,ğŸ˜¢
I can't stop laughing at this!,ğŸ˜‚
This news breaks my heart.,ğŸ˜¢
Happy birthday to you!!,ğŸ‚
That cake looks so good. haha,ğŸ˜‹
I need to go to bed early tonight. haha,ğŸ˜´
I canâ€™t believe this happened.!,ğŸ˜¡
This is terrifying. haha,ğŸ˜±
Feeling drowsy at work. haha,ğŸ˜´
You made my day so funny!!,ğŸ˜‚
Thatâ€™s a great idea!.,ğŸ‘
I need to think about it. lol,ğŸ¤”
Iâ€™m really angry right now.!,ğŸ˜¡
Delicious meals make me happy..,ğŸ˜‹
You mean the world to me. omg,â¤ï¸
Wishing you the sweetest birthday. lol,ğŸ‚
I love programming so much. omg,â¤ï¸
You broke my heart.,ğŸ¥º
Please help me with this. haha,ğŸ™
Please donâ€™t leave me. omg,ğŸ¥º
Iâ€™m so sleepy after lunch. haha,ğŸ˜´
Why would they do that? please,ğŸ¤”
Please help me with this.!,ğŸ™
Thatâ€™s so shocking! haha,ğŸ˜±
Iâ€™m feeling emotional right now. lol,ğŸ¥º
I need to think about it. lol,ğŸ¤”
Thatâ€™s so shocking!,ğŸ˜±
Thatâ€™s so hot right now..,ğŸ”¥
Iâ€™m feeling happy today. omg,ğŸ˜Š
Iâ€™m so sleepy after lunch.,ğŸ˜´
Iâ€™m so sleepy after lunch. haha,ğŸ˜´
This is so frustrating. please,ğŸ˜¡
Thatâ€™s so shocking! haha,ğŸ˜±
Thatâ€™s so hot right now. lol,ğŸ”¥
That joke was hilarious! haha,ğŸ˜‚
Why would they do that? haha,ğŸ¤”
Iâ€™m in complete shock. please,ğŸ˜±
Absolute fire content!!,ğŸ”¥
That cake looks so good.,ğŸ˜‹
I canâ€™t stop crying. omg,ğŸ˜¢
I canâ€™t stop crying. please,ğŸ˜¢
This lecture is making me sleepy..,ğŸ˜´
Why would they do that?!,ğŸ¤”
Itâ€™s party time! haha,ğŸ¥³
Letâ€™s cut the cake! haha,ğŸ‚
That cake looks so good. lol,ğŸ˜‹
I can't stop laughing at this!.,ğŸ˜‚
Time to party all night! haha,ğŸ¥³
Iâ€™m in complete shock. lol,ğŸ˜±
You mean the world to me. omg,â¤ï¸
I need to go to bed early tonight. lol,ğŸ˜´
I can't stop laughing at this!,ğŸ˜‚
Iâ€™m wondering what to do. please,ğŸ¤”
This game is lit! haha,ğŸ”¥
That joke was hilarious! haha,ğŸ˜‚
We celebrated with a big birthday cake. lol,ğŸ‚
I totally agree with you. lol,ğŸ‘
Iâ€™m upset with the situation. omg,ğŸ˜¡
Youâ€™re on fire today! please,ğŸ”¥
Iâ€™m in complete shock. omg,ğŸ˜±
You have a lovely smile. lol,ğŸ˜Š
Yummy! I love this dish.,ğŸ˜‹
Itâ€™s my special day today.!,ğŸ‚
Itâ€™s party time! lol,ğŸ¥³
Iâ€™m feeling happy today. haha,ğŸ˜Š
We celebrated with a big birthday cake.,ğŸ‚
I stayed up too late yesterday. omg,ğŸ˜´
Feeling drowsy at work.,ğŸ˜´
I totally agree with you. haha,ğŸ‘
Iâ€™m wondering what to do..,ğŸ¤”
This food tastes amazing. lol,ğŸ˜‹
That cake looks so good. omg,ğŸ˜‹
This is comedy gold!!,ğŸ˜‚
Thatâ€™s so shocking! haha,ğŸ˜±
This is terrifying. haha,ğŸ˜±
Itâ€™s party time! haha,ğŸ¥³
Blessings to you. lol,ğŸ™
This lecture is making me sleepy. haha,ğŸ˜´
Iâ€™m really angry right now. please,ğŸ˜¡
Delicious meals make me happy. omg,ğŸ˜‹
Letâ€™s celebrate your success! lol,ğŸ¥³
Please help me with this. haha,ğŸ™
Iâ€™m feeling sad today. please,ğŸ˜¢
Letâ€™s celebrate your success!,ğŸ¥³
I can't stop laughing at this! haha,ğŸ˜‚
Yummy! I love this dish.!,ğŸ˜‹
You made my day so funny!,ğŸ˜‚
Thatâ€™s so sweet of you.!,ğŸ˜Š
Thatâ€™s so touching. please,ğŸ¥º
You have a lovely smile..,ğŸ˜Š
That works perfectly.,ğŸ‘
Iâ€™m upset with the situation. omg,ğŸ˜¡
Thatâ€™s so sweet of you.!,ğŸ˜Š
Iâ€™m feeling emotional right now.,ğŸ¥º
Thatâ€™s so shocking!,ğŸ˜±
Good job!,ğŸ‘
Life feels heavy. please,ğŸ˜¢
This is comedy gold! please,ğŸ˜‚
I truly adore this moment. please,â¤ï¸
Happy birthday to you!,ğŸ‚
Good vibes only. omg,ğŸ˜Š
I totally agree with you..,ğŸ‘
Well done! please,ğŸ‘
Iâ€™m in complete shock. lol,ğŸ˜±
Blessings to you..,ğŸ™
Thatâ€™s so touching..,ğŸ¥º
This lecture is making me sleepy. lol,ğŸ˜´
I need to think about it. please,ğŸ¤”
Delicious meals make me happy. please,ğŸ˜‹
Iâ€™m feeling happy today.,ğŸ˜Š
Wishing you the sweetest birthday. lol,ğŸ‚
Iâ€™m lost in thought.!,ğŸ¤”
Iâ€™m praying for you..,ğŸ™
That cake looks so good.!,ğŸ˜‹
You have a lovely smile.,ğŸ˜Š
Why would they do that? haha,ğŸ¤”
Grateful for everything.,ğŸ™
This is terrifying..,ğŸ˜±
What a scary moment!,ğŸ˜±
This is comedy gold!.,ğŸ˜‚
This lecture is making me sleepy.!,ğŸ˜´
We had so much fun at the celebration..,ğŸ¥³
We celebrated with a big birthday cake. please,ğŸ‚
Iâ€™m feeling sad today. lol,ğŸ˜¢
Iâ€™m praying for you.,ğŸ™
Love is in the air..,â¤ï¸
Feeling drowsy at work. omg,ğŸ˜´
Thank you so much. please,ğŸ™
Iâ€™m feeling sad today.,ğŸ˜¢
Iâ€™m wondering what to do.,ğŸ¤”
I love programming so much..,â¤ï¸
We celebrated with a big birthday cake. lol,ğŸ‚
I miss you so much..,ğŸ¥º
Time to party all night!,ğŸ¥³
Absolute fire content! haha,ğŸ”¥
Youâ€™re on fire today!,ğŸ”¥
Iâ€™m in complete shock. lol,ğŸ˜±
Grateful for everything. haha,ğŸ™
You broke my heart. please,ğŸ¥º
Itâ€™s party time! omg,ğŸ¥³
You made my day so funny! lol,ğŸ˜‚
Iâ€™m really angry right now.,ğŸ˜¡
Feeling drowsy at work..,ğŸ˜´
Thatâ€™s a great idea! lol,ğŸ‘
You mean the world to me.,â¤ï¸
You made my day so funny!.,ğŸ˜‚
I miss you so much.,ğŸ¥º
You made my day so funny! haha,ğŸ˜‚
I love programming so much. lol,â¤ï¸
Please donâ€™t leave me. lol,ğŸ¥º
Thatâ€™s so touching..,ğŸ¥º
Youâ€™re on fire today!.,ğŸ”¥
Iâ€™m feeling sad today..,ğŸ˜¢
Thatâ€™s so sweet of you.!,ğŸ˜Š
This game is lit!.,ğŸ”¥
I miss you so much..,ğŸ¥º
Grateful for everything..,ğŸ™
Letâ€™s cut the cake! omg,ğŸ‚
This game is lit! haha,ğŸ”¥
This is terrifying..,ğŸ˜±
This news breaks my heart.,ğŸ˜¢
You mean the world to me.,â¤ï¸
This is comedy gold! haha,ğŸ˜‚
Happy birthday to you! please,ğŸ‚
Please help me with this. please,ğŸ™
Iâ€™m upset with the situation. haha,ğŸ˜¡
Grateful for everything..,ğŸ™
We had so much fun at the celebration. lol,ğŸ¥³
I love programming so much.,â¤ï¸
This is comedy gold! lol,ğŸ˜‚
Delicious meals make me happy. lol,ğŸ˜‹
This is terrifying. lol,ğŸ˜±
Grateful for everything.!,ğŸ™
Itâ€™s party time! lol,ğŸ¥³
This is so frustrating.,ğŸ˜¡
I canâ€™t stop crying. haha,ğŸ˜¢
Iâ€™m praying for you.!,ğŸ™
This food tastes amazing. haha,ğŸ˜‹
This is comedy gold! haha,ğŸ˜‚
This game is lit! omg,ğŸ”¥
Iâ€™m praying for you. omg,ğŸ™
I truly adore this moment. haha,â¤ï¸
Good job!.,ğŸ‘
Good job! please,ğŸ‘
Thatâ€™s a great idea!.,ğŸ‘
Please donâ€™t leave me..,ğŸ¥º
Life feels heavy.!,ğŸ˜¢
Youâ€™re on fire today! haha,ğŸ”¥
Please help me with this.,ğŸ™
I totally agree with you. please,ğŸ‘
You have a lovely smile. omg,ğŸ˜Š
Iâ€™m wondering what to do. haha,ğŸ¤”
You mean the world to me. lol,â¤ï¸
That cake looks so good..,ğŸ˜‹
Blessings to you.,ğŸ™
I love programming so much. haha,â¤ï¸
I feel blessed and happy. lol,ğŸ˜Š
Delicious meals make me happy. omg,ğŸ˜‹
This game is lit!.,ğŸ”¥
Thatâ€™s so sweet of you..,ğŸ˜Š
Feeling down right now.!,ğŸ˜¢
Feeling down right now. omg,ğŸ˜¢
Thank you so much. lol,ğŸ™
I stayed up too late yesterday. omg,ğŸ˜´
Thatâ€™s so hot right now. haha,ğŸ”¥
Youâ€™re on fire today! lol,ğŸ”¥
Please donâ€™t leave me.!,ğŸ¥º
I need to go to bed early tonight. lol,ğŸ˜´
Love is in the air. lol,â¤ï¸
Thatâ€™s so hot right now.!,ğŸ”¥
I feel blessed and happy.,ğŸ˜Š
Feeling drowsy at work.,ğŸ˜´
That made me furious. lol,ğŸ˜¡
I canâ€™t believe this happened..,ğŸ˜¡
Thatâ€™s an interesting idea. please,ğŸ¤”
Iâ€™m lost in thought.!,ğŸ¤”
Thatâ€™s a great idea! lol,ğŸ‘
I canâ€™t stop crying. omg,ğŸ˜¢
This food tastes amazing.,ğŸ˜‹
I stayed up too late yesterday. lol,ğŸ˜´
I can't stop laughing at this! lol,ğŸ˜‚
I need to go to bed early tonight..,ğŸ˜´
Iâ€™m really angry right now. please,ğŸ˜¡
Blessings to you. lol,ğŸ™
You mean the world to me. please,â¤ï¸
Iâ€™m praying for you. haha,ğŸ™
Yummy! I love this dish. please,ğŸ˜‹
That works perfectly..,ğŸ‘
I love programming so much. please,â¤ï¸
You made my day so funny!,ğŸ˜‚
This lecture is making me sleepy. lol,ğŸ˜´
This is comedy gold!!,ğŸ˜‚
That made me furious. lol,ğŸ˜¡
Iâ€™m craving something sweet.!,ğŸ˜‹
Wishing you the sweetest birthday..,ğŸ‚
Letâ€™s cut the cake! omg,ğŸ‚
I canâ€™t stop crying. please,ğŸ˜¢
That works perfectly..,ğŸ‘
Life feels heavy..,ğŸ˜¢
Iâ€™m lost in thought.,ğŸ¤”
I need to think about it. omg,ğŸ¤”
Blessings to you. lol,ğŸ™
This game is lit!!,ğŸ”¥
Iâ€™m praying for you..,ğŸ™
We celebrated with a big birthday cake. haha,ğŸ‚
Iâ€™m wondering what to do. omg,ğŸ¤”
Itâ€™s my special day today. lol,ğŸ‚
Thatâ€™s so hot right now. lol,ğŸ”¥
Iâ€™m upset with the situation. omg,ğŸ˜¡
Feeling drowsy at work. omg,ğŸ˜´
Feeling down right now. please,ğŸ˜¢
I canâ€™t believe this happened. haha,ğŸ˜¡
Life feels heavy. omg,ğŸ˜¢
Absolute fire content!,ğŸ”¥
This is terrifying. please,ğŸ˜±
That cake looks so good. haha,ğŸ˜‹
Iâ€™m praying for you.!,ğŸ™
Blessings to you.!,ğŸ™
Thatâ€™s so touching..,ğŸ¥º
Why would they do that? omg,ğŸ¤”
I canâ€™t stop crying. lol,ğŸ˜¢
Feeling down right now. haha,ğŸ˜¢
I miss you so much.,ğŸ¥º
Iâ€™m feeling happy today..,ğŸ˜Š
That cake looks so good.!,ğŸ˜‹
Thatâ€™s a great idea!,ğŸ‘
I stayed up too late yesterday. please,ğŸ˜´
This lecture is making me sleepy. haha,ğŸ˜´
Grateful for everything. please,ğŸ™
That performance was fire!!,ğŸ”¥
We had so much fun at the celebration..,ğŸ¥³
That made me furious. haha,ğŸ˜¡
This news breaks my heart. omg,ğŸ˜¢
This news breaks my heart. lol,ğŸ˜¢
Thank you so much..,ğŸ™
Yummy! I love this dish..,ğŸ˜‹
This is so frustrating.,ğŸ˜¡
I love programming so much. lol,â¤ï¸
Iâ€™m wondering what to do. please,ğŸ¤”
I need to go to bed early tonight..,ğŸ˜´
What a scary moment! lol,ğŸ˜±
That performance was fire!.,ğŸ”¥
You mean the world to me.!,â¤ï¸
This news breaks my heart. please,ğŸ˜¢
Wishing you the sweetest birthday..,ğŸ‚
Happy birthday to you! please,ğŸ‚
I totally agree with you.,ğŸ‘
Iâ€™m really angry right now. lol,ğŸ˜¡
Iâ€™m so sleepy after lunch.,ğŸ˜´
Love is in the air..,â¤ï¸
Good vibes only. omg,ğŸ˜Š
Wishing you the sweetest birthday.!,ğŸ‚
Thank you so much. lol,ğŸ™
We had so much fun at the celebration.,ğŸ¥³
Good vibes only. haha,ğŸ˜Š
I love programming so much. please,â¤ï¸
That cake looks so good. haha,ğŸ˜‹
That joke was hilarious!.,ğŸ˜‚
Feeling drowsy at work. please,ğŸ˜´
This food tastes amazing. please,ğŸ˜‹
This news breaks my heart.!,ğŸ˜¢
Thatâ€™s a great idea! omg,ğŸ‘
That made me furious. omg,ğŸ˜¡
This food tastes amazing.,ğŸ˜‹
Blessings to you.!,ğŸ™
Happy birthday to you!.,ğŸ‚
Delicious meals make me happy. haha,ğŸ˜‹
Iâ€™m craving something sweet..,ğŸ˜‹
Thatâ€™s so hot right now.!,ğŸ”¥
Iâ€™m lost in thought. haha,ğŸ¤”
I need to think about it..,ğŸ¤”
Iâ€™m praying for you. please,ğŸ™
I totally agree with you. please,ğŸ‘
Thatâ€™s so shocking! omg,ğŸ˜±
Iâ€™m craving something sweet. omg,ğŸ˜‹
This game is lit! lol,ğŸ”¥
Thatâ€™s so touching..,ğŸ¥º
This food tastes amazing. please,ğŸ˜‹
Thatâ€™s an interesting idea. omg,ğŸ¤”
You broke my heart. lol,ğŸ¥º
That works perfectly. please,ğŸ‘
Iâ€™m feeling emotional right now. please,ğŸ¥º
Thatâ€™s so shocking!!,ğŸ˜±
Well done! haha,ğŸ‘
I miss you so much..,ğŸ¥º
Iâ€™m so sleepy after lunch. lol,ğŸ˜´
Absolute fire content! haha,ğŸ”¥
Iâ€™m wondering what to do.,ğŸ¤”
This is terrifying..,ğŸ˜±
You have a lovely smile.!,ğŸ˜Š
I canâ€™t stop crying.!,ğŸ˜¢
Absolute fire content!,ğŸ”¥
Love is in the air.,â¤ï¸
Time to party all night! omg,ğŸ¥³
What a scary moment! please,ğŸ˜±
Good vibes only.!,ğŸ˜Š
Cheers to the good times!.,ğŸ¥³
What a scary moment! please,ğŸ˜±
Good job!!,ğŸ‘
This game is lit! haha,ğŸ”¥
Yummy! I love this dish.,ğŸ˜‹
Thatâ€™s an interesting idea. please,ğŸ¤”
Thatâ€™s so hot right now. omg,ğŸ”¥
This is terrifying. omg,ğŸ˜±
Delicious meals make me happy..,ğŸ˜‹
I need to go to bed early tonight.,ğŸ˜´
Good vibes only. haha,ğŸ˜Š
Iâ€™m really angry right now. haha,ğŸ˜¡
You broke my heart.,ğŸ¥º
I totally agree with you.,ğŸ‘
I totally agree with you.!,ğŸ‘
Life feels heavy.,ğŸ˜¢
This is terrifying.,ğŸ˜±
I truly adore this moment.!,â¤ï¸
This lecture is making me sleepy. haha,ğŸ˜´
Thatâ€™s a great idea! please,ğŸ‘
Iâ€™m laughing so hard right now.!,ğŸ˜‚
That performance was fire! lol,ğŸ”¥
Love is in the air. please,â¤ï¸
Letâ€™s celebrate your success! omg,ğŸ¥³
Happy birthday to you!!,ğŸ‚
Iâ€™m really angry right now. please,ğŸ˜¡
Time to party all night! haha,ğŸ¥³
Iâ€™m wondering what to do. omg,ğŸ¤”
Well done! please,ğŸ‘
This food tastes amazing. please,ğŸ˜‹
I miss you so much. lol,ğŸ¥º
Iâ€™m laughing so hard right now.!,ğŸ˜‚
That joke was hilarious! haha,ğŸ˜‚
That works perfectly.!,ğŸ‘
I miss you so much. please,ğŸ¥º
Letâ€™s celebrate your success! haha,ğŸ¥³
Sending you lots of love. haha,â¤ï¸
Iâ€™m in complete shock..,ğŸ˜±
I love programming so much. please,â¤ï¸
What a scary moment!.,ğŸ˜±
That works perfectly. haha,ğŸ‘
I feel blessed and happy. lol,ğŸ˜Š
Time to party all night!!,ğŸ¥³
Delicious meals make me happy. lol,ğŸ˜‹
Wishing you the sweetest birthday..,ğŸ‚
Youâ€™re on fire today! omg,ğŸ”¥
That made me furious. lol,ğŸ˜¡
Good vibes only. please,ğŸ˜Š
Itâ€™s my special day today..,ğŸ‚
That performance was fire! lol,ğŸ”¥
Love is in the air. haha,â¤ï¸
I love programming so much. haha,â¤ï¸
This is terrifying. haha,ğŸ˜±
I canâ€™t believe this happened. haha,ğŸ˜¡
Delicious meals make me happy.!,ğŸ˜‹
Please help me with this. lol,ğŸ™
I need to think about it. haha,ğŸ¤”
This game is lit! please,ğŸ”¥
Youâ€™re on fire today! lol,ğŸ”¥
I totally agree with you..,ğŸ‘
I love programming so much. haha,â¤ï¸
You made my day so funny!!,ğŸ˜‚
What a scary moment! please,ğŸ˜±
I miss you so much.!,ğŸ¥º
Grateful for everything. lol,ğŸ™
Feeling drowsy at work. haha,ğŸ˜´
Iâ€™m feeling sad today. haha,ğŸ˜¢
Iâ€™m lost in thought. omg,ğŸ¤”
Iâ€™m in complete shock..,ğŸ˜±
Letâ€™s cut the cake!!,ğŸ‚
Iâ€™m laughing so hard right now.!,ğŸ˜‚
We celebrated with a big birthday cake.,ğŸ‚
Iâ€™m lost in thought..,ğŸ¤”
We had so much fun at the celebration. please,ğŸ¥³
Love is in the air.!,â¤ï¸
I feel blessed and happy.!,ğŸ˜Š
You made my day so funny!,ğŸ˜‚
Delicious meals make me happy.,ğŸ˜‹
Thank you so much. lol,ğŸ™
I feel blessed and happy.!,ğŸ˜Š
Iâ€™m wondering what to do.!,ğŸ¤”
Iâ€™m praying for you.!,ğŸ™
That cake looks so good. please,ğŸ˜‹
I canâ€™t stop crying. lol,ğŸ˜¢
I love programming so much.,â¤ï¸
This game is lit!!,ğŸ”¥
This food tastes amazing. please,ğŸ˜‹
Iâ€™m feeling emotional right now. please,ğŸ¥º
I totally agree with you. omg,ğŸ‘
Iâ€™m really angry right now.!,ğŸ˜¡
Thatâ€™s so sweet of you. haha,ğŸ˜Š
Thatâ€™s so shocking!!,ğŸ˜±
We celebrated with a big birthday cake. omg,ğŸ‚
That joke was hilarious!.,ğŸ˜‚
This is so frustrating. haha,ğŸ˜¡
Itâ€™s my special day today.!,ğŸ‚
Life feels heavy. haha,ğŸ˜¢
Time to party all night! lol,ğŸ¥³
Iâ€™m feeling happy today.,ğŸ˜Š
Itâ€™s party time!.,ğŸ¥³
I canâ€™t believe my eyes. omg,ğŸ˜±
I stayed up too late yesterday. lol,ğŸ˜´
You have a lovely smile.,ğŸ˜Š
Iâ€™m praying for you. haha,ğŸ™
Iâ€™m so sleepy after lunch. lol,ğŸ˜´
We had so much fun at the celebration.,ğŸ¥³
Iâ€™m really angry right now. please,ğŸ˜¡
Feeling drowsy at work. omg,ğŸ˜´
Well done! omg,ğŸ‘
That works perfectly..,ğŸ‘
Iâ€™m praying for you. haha,ğŸ™
I feel blessed and happy. omg,ğŸ˜Š
Grateful for everything. please,ğŸ™
